,close,date
0,100.0,2012-01-03
1,100.4791654708167,2012-01-04
2,100.28579648468674,2012-01-05
3,99.75446237691787,2012-01-06
4,99.17635237462417,2012-01-09
5,100.3413923178998,2012-01-10
6,100.71484348413519,2012-01-11
7,100.8535029551315,2012-01-12
8,100.68442114223052,2012-01-13
9,101.11777816612988,2012-01-17
10,102.93296746400706,2012-01-18
11,103.24846169380655,2012-01-19
12,103.49440605959774,2012-01-20
13,103.58088141000233,2012-01-23
14,101.46549019719504,2012-01-24
15,102.60630369150309,2012-01-25
16,102.92415945850782,2012-01-26
17,103.57917674532317,2012-01-27
18,102.78940446521894,2012-01-30
19,103.15679074262911,2012-01-31
20,105.33171324519348,2012-02-01
21,105.25268652385657,2012-02-02
22,107.47700196091382,2012-02-03
23,107.91673164869486,2012-02-06
24,108.97698160453523,2012-02-07
25,108.63620159696235,2012-02-08
26,108.61317608326031,2012-02-09
27,108.18767700116919,2012-02-10
28,108.34438998049494,2012-02-13
29,107.27753552617776,2012-02-14
30,107.97763568558892,2012-02-15
31,108.57866429673356,2012-02-16
32,108.71612917716098,2012-02-17
33,108.19250181158965,2012-02-21
34,106.54845514065961,2012-02-22
35,107.81324202127503,2012-02-23
36,106.62950557672407,2012-02-24
37,107.7143488393444,2012-02-27
38,109.11467554842653,2012-02-28
39,109.14666475488315,2012-02-29
40,108.96814384216927,2012-03-01
41,108.57258633064679,2012-03-02
42,108.64629452784115,2012-03-05
43,106.80903824336251,2012-03-06
44,108.2594130747332,2012-03-07
45,108.04161348064049,2012-03-08
46,108.14368773078414,2012-03-09
47,107.91011526314325,2012-03-12
48,108.96512009982769,2012-03-13
49,109.57516396304113,2012-03-14
50,111.18212448950857,2012-03-15
51,110.97998989236203,2012-03-16
52,111.2369109197438,2012-03-19
53,110.63232103498326,2012-03-20
54,110.9135046043435,2012-03-21
55,109.17232359451137,2012-03-22
56,108.99235325244163,2012-03-23
57,112.08179431762764,2012-03-26
58,110.40800672211975,2012-03-27
59,109.68190577840484,2012-03-28
60,109.54661115523872,2012-03-29
61,108.5024282358624,2012-03-30
62,108.9231864428647,2012-04-02
63,108.77245184989033,2012-04-03
64,107.21255600213907,2012-04-04
65,108.0536497817013,2012-04-05
66,107.01123627025528,2012-04-09
67,105.43641170543539,2012-04-10
68,107.21820059078127,2012-04-11
69,107.90682671544243,2012-04-12
70,107.94905417912048,2012-04-13
71,107.14945411305474,2012-04-16
72,107.8854407121853,2012-04-17
73,107.8324368363711,2012-04-18
74,106.32525466295183,2012-04-19
75,105.84281997994285,2012-04-20
76,107.79066197677489,2012-04-23
77,108.09898295643583,2012-04-24
78,110.13199368829939,2012-04-25
79,109.8204843498665,2012-04-26
80,110.45025149771135,2012-04-27
81,110.44246527038064,2012-04-30
82,112.04813906919877,2012-05-01
83,112.25292612668028,2012-05-02
84,110.99923214110723,2012-05-03
85,109.49881997078563,2012-05-04
86,109.52287622638804,2012-05-07
87,108.25726137724396,2012-05-08
88,108.2926712197182,2012-05-09
89,109.2663614587292,2012-05-10
90,109.6141590205172,2012-05-11
91,108.66647773878066,2012-05-14
92,109.95234470753815,2012-05-15
93,110.3822977433575,2012-05-16
94,109.70151643135003,2012-05-17
95,108.88511022013974,2012-05-18
96,110.36810694767192,2012-05-21
97,110.54945473140175,2012-05-22
98,112.35184408918373,2012-05-23
99,112.74530940550846,2012-05-24
100,113.43756031073558,2012-05-25
101,115.9683235599185,2012-05-29
102,114.43465773225658,2012-05-30
103,115.67049579669468,2012-05-31
104,111.88608244282577,2012-06-01
105,111.79975971510146,2012-06-04
106,112.37978114854717,2012-06-05
107,114.8585456579255,2012-06-06
108,114.64880648568453,2012-06-07
109,114.74518133074943,2012-06-08
110,114.55212056810531,2012-06-11
111,115.16539214588697,2012-06-12
112,113.08542600042202,2012-06-13
113,114.89065695665514,2012-06-14
114,116.34450258051368,2012-06-15
115,117.12407300418239,2012-06-18
116,118.20241467718651,2012-06-19
117,118.02165552128471,2012-06-20
118,117.26145041616384,2012-06-21
119,117.26093542042649,2012-06-22
120,116.66241321295854,2012-06-25
121,117.91298449142687,2012-06-26
122,116.48877820545852,2012-06-27
123,116.50409435792785,2012-06-28
124,118.25698998529046,2012-06-29
125,121.10836383579465,2012-07-02
126,121.04297114934235,2012-07-03
127,120.73621933104661,2012-07-05
128,120.76219899710424,2012-07-06
129,120.75857981080935,2012-07-09
130,121.4005849662179,2012-07-10
131,118.40087629177826,2012-07-11
132,118.91594574422125,2012-07-12
133,121.1974761628947,2012-07-13
134,120.02890449021261,2012-07-16
135,120.88790993876174,2012-07-17
136,122.30949651961262,2012-07-18
137,123.04396269077861,2012-07-19
138,115.97184582469293,2012-07-20
139,113.08882546572268,2012-07-23
140,111.27791076904013,2012-07-24
141,111.40019986715696,2012-07-25
142,112.094142785116,2012-07-26
143,114.58149028441316,2012-07-27
144,113.85764045426927,2012-07-30
145,112.87316510682986,2012-07-31
146,110.19522693133979,2012-08-01
147,110.9359382463863,2012-08-02
148,114.49518561613858,2012-08-03
149,113.3906050025382,2012-08-06
150,113.1183699442893,2012-08-07
151,113.28390734705859,2012-08-08
152,114.2116745097598,2012-08-09
153,113.07509954097169,2012-08-10
154,113.7083667667424,2012-08-13
155,113.79425607090796,2012-08-14
156,113.7026207181978,2012-08-15
157,114.14533761554836,2012-08-16
158,116.08461139312166,2012-08-17
159,116.00799569281625,2012-08-20
160,116.73441121049241,2012-08-21
161,115.82009825871356,2012-08-22
162,114.30187404814409,2012-08-23
163,115.16858224578965,2012-08-24
164,115.42127739381998,2012-08-27
165,115.7431267081481,2012-08-28
166,116.37351270067438,2012-08-29
167,115.97823390009563,2012-08-30
168,115.44459311189355,2012-08-31
169,117.2551221408883,2012-09-04
170,117.15944588729884,2012-09-05
171,118.76368881653318,2012-09-06
172,120.77232007154447,2012-09-07
173,121.47140875024934,2012-09-10
174,121.19273229176653,2012-09-11
175,122.20102340136702,2012-09-12
176,122.4154856134617,2012-09-13
177,122.15650873688577,2012-09-14
178,122.73815166166209,2012-09-17
179,122.66078885491652,2012-09-18
180,122.41879889330957,2012-09-19
181,121.70554103170882,2012-09-20
182,122.7442638521502,2012-09-21
183,123.08132316163284,2012-09-24
184,121.77690663933824,2012-09-25
185,121.36227495083357,2012-09-26
186,121.4736696754072,2012-09-27
187,120.10390081443306,2012-09-28
188,120.47722326759103,2012-10-01
189,118.35584448915398,2012-10-02
190,118.15348389889738,2012-10-03
191,118.46013138237353,2012-10-04
192,116.46216408937985,2012-10-05
193,118.10976715263422,2012-10-08
194,116.54969879447894,2012-10-09
195,116.9076794921662,2012-10-10
196,116.04242493541352,2012-10-11
197,115.71742552593018,2012-10-12
198,115.764510135595,2012-10-15
199,116.5523700156857,2012-10-16
200,118.60989665624156,2012-10-17
201,118.30062059903398,2012-10-18
202,112.2776639534392,2012-10-19
203,112.27423603553073,2012-10-22
204,111.82984328173177,2012-10-23
205,109.57824253499471,2012-10-24
206,111.03809045480756,2012-10-25
207,111.28882376511235,2012-10-26
208,110.89011403394306,2012-10-31
209,112.25023681886368,2012-11-01
210,111.6679830356081,2012-11-02
211,112.78959156436866,2012-11-05
212,114.77402751868121,2012-11-06
213,112.44285266163186,2012-11-07
214,110.2579385186587,2012-11-08
215,110.07236557144624,2012-11-09
216,110.14252469276389,2012-11-12
217,109.85425207603625,2012-11-13
218,107.87273325832119,2012-11-14
219,107.55575072346625,2012-11-15
220,108.10666112490344,2012-11-16
221,110.23485934703959,2012-11-19
222,109.76537537842209,2012-11-20
223,110.94424415242003,2012-11-21
224,111.02610870910036,2012-11-23
225,111.04031867664088,2012-11-26
226,111.39607049140835,2012-11-27
227,112.07971004980465,2012-11-28
228,112.75276606851062,2012-11-29
229,112.03019288987909,2012-11-30
230,111.6342146009663,2012-12-03
231,111.36467908627942,2012-12-04
232,112.18246505040989,2012-12-05
233,112.58193853017826,2012-12-06
234,112.96158324353375,2012-12-07
235,113.42781536087605,2012-12-10
236,114.54235125154545,2012-12-11
237,114.0099899206593,2012-12-12
238,114.05194426766465,2012-12-13
239,114.10726046429735,2012-12-14
240,114.91299433075156,2012-12-17
241,116.40191436364844,2012-12-18
242,115.76175357621256,2012-12-19
243,115.57238071321622,2012-12-20
244,115.70294901351768,2012-12-21
245,116.18377649287008,2012-12-24
246,114.40860125650129,2012-12-26
247,114.96317820934682,2012-12-27
248,114.27092681535488,2012-12-28
249,116.27441581395664,2012-12-31
250,118.35815609121431,2013-01-02
251,119.06078048375858,2013-01-03
252,119.70343101826542,2013-01-04
253,120.15460384840969,2013-01-07
254,120.56769374915282,2013-01-08
255,120.8324973092578,2013-01-09
256,120.7423472431423,2013-01-10
257,121.66694109672866,2013-01-11
258,121.31809801660148,2013-01-14
259,121.22859915095933,2013-01-15
260,120.08480380847008,2013-01-16
261,121.67805765127063,2013-01-17
262,122.5411572159656,2013-01-18
263,122.37966093251158,2013-01-22
264,121.98450755333107,2013-01-23
265,122.20129051798635,2013-01-24
266,122.21512427033572,2013-01-25
267,122.63744818337058,2013-01-28
268,121.94654400551717,2013-01-29
269,121.24815273099028,2013-01-30
270,121.25511893854835,2013-01-31
271,123.33260212428966,2013-02-01
272,121.38679907283202,2013-02-04
273,123.25947033695859,2013-02-05
274,124.85874525103203,2013-02-06
275,124.52958839944253,2013-02-07
276,124.88912916277704,2013-02-08
277,124.6114557935939,2013-02-11
278,125.38124272317137,2013-02-12
279,124.45837535682168,2013-02-13
280,124.62770614679901,2013-02-14
281,123.83401180674491,2013-02-15
282,124.61360304666343,2013-02-19
283,123.04790886651642,2013-02-20
284,122.73817218446806,2013-02-21
285,123.6341351191848,2013-02-22
286,122.77142117606337,2013-02-25
287,123.541990362119,2013-02-26
288,125.7326097632134,2013-02-27
289,125.81203777942126,2013-02-28
290,126.78764766000107,2013-03-01
291,127.14919762328515,2013-03-04
292,129.59453357876674,2013-03-05
293,129.1639595708849,2013-03-06
294,129.65335526660664,2013-03-07
295,129.4246443864829,2013-03-08
296,129.13426693127843,2013-03-11
297,128.39465292676803,2013-03-12
298,128.97558202942207,2013-03-13
299,129.63476000390844,2013-03-14
300,129.15452256100681,2013-03-15
301,129.7940370350397,2013-03-18
302,129.5396097536087,2013-03-19
303,130.52431015985346,2013-03-20
304,129.9578259296889,2013-03-21
305,130.5874821738028,2013-03-22
306,130.20867901522791,2013-03-25
307,133.83297300398118,2013-03-26
308,133.97758764736926,2013-03-27
309,134.77833096023625,2013-03-28
310,133.40680653346584,2013-04-01
311,133.59442689235158,2013-04-02
312,133.15937572545,2013-04-03
313,134.0256401588496,2013-04-04
314,134.06670560329715,2013-04-05
315,134.61714273372507,2013-04-08
316,133.32512509242684,2013-04-09
317,135.04010519528603,2013-04-10
318,134.50789901099742,2013-04-11
319,135.942191106718,2013-04-12
320,132.58748514649608,2013-04-15
321,134.52002691425952,2013-04-16
322,133.39224943218312,2013-04-17
323,133.09451237430198,2013-04-18
324,135.53549152988066,2013-04-19
325,135.62595337282187,2013-04-22
326,134.95293227993926,2013-04-23
327,135.05892014962257,2013-04-24
328,135.9561043874254,2013-04-25
329,136.0447056599962,2013-04-26
330,135.89008300436933,2013-04-29
331,136.3319557452403,2013-04-30
332,136.36784427489448,2013-05-01
333,137.11128234056378,2013-05-02
334,139.3433816130206,2013-05-03
335,140.10358952105574,2013-05-06
336,140.02367762282256,2013-05-07
337,139.70734748151716,2013-05-08
338,140.73227643739517,2013-05-09
339,142.1542774854965,2013-05-10
340,141.13471436698143,2013-05-13
341,142.6866763324631,2013-05-14
342,141.5167923723552,2013-05-15
343,140.25853427974863,2013-05-16
344,141.89782343920967,2013-05-17
345,141.9359396558181,2013-05-20
346,142.9388335007898,2013-05-21
347,141.7464762943575,2013-05-22
348,141.6700816481989,2013-05-23
349,141.1473570302088,2013-05-24
350,142.41384626135397,2013-05-28
351,141.21909729797363,2013-05-29
352,140.7612550306648,2013-05-30
353,140.01121290627987,2013-05-31
354,141.5069882401146,2013-06-03
355,141.14681642858068,2013-06-04
356,140.71212203179704,2013-06-05
357,142.031722765255,2013-06-06
358,144.70201513257675,2013-06-07
359,144.95717096934393,2013-06-10
360,145.03664492470625,2013-06-11
361,144.50908002710295,2013-06-12
362,146.0198267658172,2013-06-13
363,144.70792926733117,2013-06-14
364,144.03526073880823,2013-06-17
365,145.95216304062393,2013-06-18
366,145.05111533397292,2013-06-19
367,141.60129804815443,2013-06-20
368,139.49009308279466,2013-06-21
369,138.23116666168033,2013-06-24
370,139.5407783363185,2013-06-25
371,141.2722246747992,2013-06-26
372,141.9656608074377,2013-06-27
373,142.35383320262127,2013-06-28
374,144.0369487642178,2013-07-01
375,144.6436034215688,2013-07-02
376,146.00364089998118,2013-07-03
377,148.5755067903596,2013-07-05
378,148.08302637504224,2013-07-08
379,149.1784665278328,2013-07-09
380,148.2586285470993,2013-07-10
381,149.30562471379346,2013-07-11
382,149.20515108972702,2013-07-12
383,149.3668187250657,2013-07-15
384,148.78813793595785,2013-07-16
385,147.98783674294194,2013-07-17
386,148.98019370324658,2013-07-18
387,150.3744338335101,2013-07-19
388,148.8390124400519,2013-07-22
389,147.30673577458188,2013-07-23
390,147.0232975844249,2013-07-24
391,147.2827404933442,2013-07-25
392,148.30695235564644,2013-07-26
393,148.60414294729947,2013-07-29
394,147.79241854864767,2013-07-30
395,148.43171035580633,2013-07-31
396,150.52692329663745,2013-08-01
397,152.67332689646827,2013-08-02
398,152.96230463613648,2013-08-05
399,150.6908274962124,2013-08-06
400,150.0567292431167,2013-08-07
401,152.22793996809776,2013-08-08
402,151.8905791792517,2013-08-09
403,151.18636471686392,2013-08-12
404,152.13466297467244,2013-08-13
405,152.53905032291976,2013-08-14
406,150.3440386208845,2013-08-15
407,149.89164470320068,2013-08-16
408,149.79144557565158,2013-08-19
409,153.2959128253085,2013-08-20
410,151.78378185469757,2013-08-21
411,153.69118927140227,2013-08-22
412,152.6903936959961,2013-08-23
413,152.36917356414725,2013-08-26
414,148.91512621910778,2013-08-27
415,149.75121022422425,2013-08-28
416,150.86171036852414,2013-08-29
417,149.4035235661671,2013-08-30
418,148.494903453445,2013-09-03
419,150.50643955508605,2013-09-04
420,150.18680526998622,2013-09-05
421,151.14104578657847,2013-09-06
422,152.71887558008214,2013-09-09
423,154.06924069812754,2013-09-10
424,155.8908619610782,2013-09-11
425,158.47676130971328,2013-09-12
426,159.7564928394662,2013-09-13
427,161.0745630227084,2013-09-16
428,162.50062419254758,2013-09-17
429,164.38382765548616,2013-09-18
430,163.0072362833485,2013-09-19
431,160.4245833727073,2013-09-20
432,159.59581089506392,2013-09-23
433,159.76886917625748,2013-09-24
434,158.7998073045451,2013-09-25
435,159.0376248695066,2013-09-26
436,159.2273327146202,2013-09-27
437,158.7246354364351,2013-09-30
438,160.33462086087417,2013-10-01
439,160.17565653798397,2013-10-02
440,158.068490831998,2013-10-03
441,159.1388826906637,2013-10-04
442,157.70682556667754,2013-10-07
443,156.79303182795175,2013-10-08
444,156.04329002730026,2013-10-09
445,160.06991484535214,2013-10-10
446,161.51630855713205,2013-10-11
447,162.92692153807803,2013-10-14
448,161.15441983417617,2013-10-15
449,162.3929476305895,2013-10-16
450,163.29903742425324,2013-10-17
451,168.28869905311075,2013-10-18
452,168.1559068376309,2013-10-21
453,169.03368595266028,2013-10-22
454,167.579896832858,2013-10-23
455,169.94669788911588,2013-10-24
456,171.7803525579846,2013-10-25
457,172.92171880843506,2013-10-28
458,172.82084031604782,2013-10-29
459,172.50585148883482,2013-10-30
460,173.13413686308934,2013-10-31
461,173.19705408436602,2013-11-01
462,172.78201454363648,2013-11-04
463,176.20201590738858,2013-11-05
464,175.68327826781058,2013-11-06
465,172.43344408274908,2013-11-07
466,175.5188060353321,2013-11-08
467,176.19628928658102,2013-11-11
468,175.87634438895367,2013-11-12
469,177.52060439526787,2013-11-13
470,178.8350612827038,2013-11-14
471,179.52051054779952,2013-11-15
472,178.41774292102022,2013-11-18
473,178.21560574228477,2013-11-19
474,178.2414187135347,2013-11-20
475,181.78546518962915,2013-11-21
476,182.78870502715984,2013-11-22
477,182.24354444026432,2013-11-25
478,183.3581365617717,2013-11-26
479,181.74160873140443,2013-11-27
480,180.76555580244747,2013-11-29
481,180.88163937414086,2013-12-02
482,180.99064326162434,2013-12-03
483,182.45827125083974,2013-12-04
484,182.99744244383155,2013-12-05
485,184.6167045338164,2013-12-06
486,184.71462418510367,2013-12-09
487,182.14005871371705,2013-12-10
488,179.88939138273338,2013-12-11
489,179.95897568668954,2013-12-12
490,179.502304094568,2013-12-13
491,181.66512005077783,2013-12-16
492,179.80780997852716,2013-12-17
493,182.31274073071586,2013-12-18
494,180.1791389453685,2013-12-19
495,183.86449948017523,2013-12-20
496,184.80995422480885,2013-12-23
497,185.91917514178624,2013-12-24
498,185.50358306046087,2013-12-26
499,184.78334913937968,2013-12-27
500,183.513416319918,2013-12-30
501,181.86477550609078,2013-12-31
502,179.74166134868818,2014-01-02
503,179.75691381610704,2014-01-03
504,176.19248137303757,2014-01-06
505,179.21060153055816,2014-01-07
506,177.40111051379714,2014-01-08
507,178.21459821723337,2014-01-09
508,178.79161836609282,2014-01-10
509,177.31178508997445,2014-01-13
510,180.54322371535557,2014-01-14
511,183.4716520742272,2014-01-15
512,182.8946572234835,2014-01-16
513,181.9378348169612,2014-01-17
514,181.2330666612369,2014-01-21
515,182.8487676499275,2014-01-22
516,181.42884001014787,2014-01-23
517,176.80667806970595,2014-01-24
518,174.4553036269977,2014-01-27
519,175.08999636385323,2014-01-28
520,172.22711584669958,2014-01-29
521,173.87687088355085,2014-01-30
522,175.89331096199084,2014-01-31
523,170.55951053256592,2014-02-03
524,171.40221777403167,2014-02-04
525,169.94542435118225,2014-02-05
526,171.70013413255344,2014-02-06
527,173.47975675373908,2014-02-07
528,174.74653126185,2014-02-10
529,176.34676722983065,2014-02-11
530,176.1497907692695,2014-02-12
531,178.13970671313007,2014-02-13
532,179.0697849977949,2014-02-14
533,178.94193736508038,2014-02-18
534,178.91917649597337,2014-02-19
535,180.52189987387618,2014-02-20
536,181.28076992893023,2014-02-21
537,182.72263020762745,2014-02-24
538,183.18677341278305,2014-02-25
539,183.79437229800314,2014-02-26
540,186.55853777823683,2014-02-27
541,188.83895797276614,2014-02-28
542,182.2281633233341,2014-03-03
543,187.37986519459918,2014-03-04
544,186.44668013489857,2014-03-05
545,188.33760982833275,2014-03-06
546,189.69032965301122,2014-03-07
547,189.61484853199283,2014-03-10
548,189.10334551345434,2014-03-11
549,192.12512400618778,2014-03-12
550,188.88682603776408,2014-03-13
551,191.68184657914978,2014-03-14
552,192.54128474405695,2014-03-17
553,195.02617626936586,2014-03-18
554,191.96818131964784,2014-03-19
555,192.74078718015326,2014-03-20
556,191.4418321769738,2014-03-21
557,188.0631906274636,2014-03-24
558,193.7216387326466,2014-03-25
559,189.83742900661525,2014-03-26
560,189.41380713416413,2014-03-27
561,190.8880769482789,2014-03-28
562,192.08247686030393,2014-03-31
563,195.39051410407038,2014-04-01
564,194.06473340974424,2014-04-02
565,192.55736722960373,2014-04-03
566,188.22100336923978,2014-04-04
567,184.6463333645921,2014-04-07
568,186.17838759895997,2014-04-08
569,189.34612324802882,2014-04-09
570,184.29137689512186,2014-04-10
571,182.8050010291961,2014-04-11
572,183.39109812613657,2014-04-14
573,181.79444641573812,2014-04-15
574,183.77385923934628,2014-04-16
575,181.17442821825068,2014-04-17
576,180.76228930394586,2014-04-21
577,183.60365653072404,2014-04-22
578,178.73921419431025,2014-04-23
579,179.51588202782696,2014-04-24
580,177.18451354212746,2014-04-25
581,173.75740385536707,2014-04-28
582,175.62695555474568,2014-04-29
583,176.32311541665678,2014-04-30
584,176.20634829158752,2014-05-01
585,178.09050114846258,2014-05-02
586,178.57792284327633,2014-05-05
587,177.42288855486515,2014-05-06
588,177.6214360886259,2014-05-07
589,178.741876486342,2014-05-08
590,179.5916411726983,2014-05-09
591,182.39360896533378,2014-05-12
592,181.34530730145048,2014-05-13
593,179.01855031667597,2014-05-14
594,177.68744385376257,2014-05-15
595,179.25273460876832,2014-05-16
596,179.85371022597172,2014-05-19
597,177.61366039452957,2014-05-20
598,179.56384497514782,2014-05-21
599,182.068083526672,2014-05-22
600,182.54646696233578,2014-05-23
601,184.93669162482675,2014-05-27
602,183.444795436027,2014-05-28
603,183.01565328103734,2014-05-29
604,183.37167963554708,2014-05-30
605,184.7280036574245,2014-06-02
606,183.66531973692187,2014-06-03
607,186.40367504304118,2014-06-04
608,188.19611026493737,2014-06-05
609,188.92457182022088,2014-06-06
610,189.47556214944183,2014-06-09
611,188.44422794678619,2014-06-10
612,189.78189506762482,2014-06-11
613,187.98466696578566,2014-06-12
614,189.33840066888033,2014-06-13
615,189.32121453387947,2014-06-16
616,189.55207876166597,2014-06-17
617,191.70319793558056,2014-06-18
618,191.88935058722475,2014-06-19
619,191.8846680732442,2014-06-20
620,193.2736069797212,2014-06-23
621,192.4436152773691,2014-06-24
622,193.57208429902354,2014-06-25
623,192.60731745399798,2014-06-26
624,190.18556260872123,2014-06-27
625,189.06383265166352,2014-06-30
626,191.01807033667902,2014-07-01
627,189.52199867510134,2014-07-02
628,191.2321103540925,2014-07-03
629,189.76494832810693,2014-07-07
630,188.17148749750828,2014-07-08
631,189.67792190629024,2014-07-09
632,188.51393004849592,2014-07-10
633,186.44051731940098,2014-07-11
634,186.71292989902014,2014-07-14
635,184.61795674731889,2014-07-15
636,183.12841480516545,2014-07-16
637,180.23591855772816,2014-07-17
638,183.02249235137725,2014-07-18
639,182.05390260082285,2014-07-21
640,187.62986969715297,2014-07-22
641,187.24977208927677,2014-07-23
642,187.2891295428093,2014-07-24
643,188.05508447691872,2014-07-25
644,187.68405090351553,2014-07-28
645,191.54048906602057,2014-07-29
646,191.68762443531614,2014-07-30
647,188.46998787335767,2014-07-31
648,188.09351718787522,2014-08-01
649,189.89220342692002,2014-08-04
650,188.52024907514834,2014-08-05
651,187.39945820878603,2014-08-06
652,189.63557961547164,2014-08-07
653,192.88875889840446,2014-08-08
654,194.5361772535156,2014-08-11
655,192.8912880618328,2014-08-12
656,194.02468902008405,2014-08-13
657,192.30584713310702,2014-08-14
658,192.32326160703488,2014-08-15
659,195.0089916012373,2014-08-18
660,195.01313329226443,2014-08-19
661,193.67822669224188,2014-08-20
662,193.36215440240557,2014-08-21
663,193.93310474659137,2014-08-22
664,194.4218461830434,2014-08-25
665,193.2486464076129,2014-08-26
666,191.93249209416376,2014-08-27
667,193.3379504486394,2014-08-28
668,193.1245736081131,2014-08-29
669,194.87777679498566,2014-09-02
670,195.66533568447775,2014-09-03
671,196.04881056791675,2014-09-04
672,196.46885660008098,2014-09-05
673,197.39893958793698,2014-09-08
674,197.493054128595,2014-09-09
675,198.66466809472257,2014-09-10
676,198.6157873962777,2014-09-11
677,197.18938489384584,2014-09-12
678,195.79139367342768,2014-09-15
679,196.05102808361616,2014-09-16
680,196.23172018789606,2014-09-17
681,198.79051212175867,2014-09-18
682,198.44920584634588,2014-09-19
683,196.67934487357903,2014-09-22
684,195.19576960013453,2014-09-23
685,196.87421135560027,2014-09-24
686,194.99283796718166,2014-09-25
687,198.54982339968964,2014-09-26
688,199.50126496530615,2014-09-29
689,198.48786684445201,2014-09-30
690,196.6958233271652,2014-10-01
691,199.2190738708945,2014-10-02
692,203.31388682203817,2014-10-03
693,203.13962854277312,2014-10-06
694,200.09542908467708,2014-10-07
695,203.11475487776522,2014-10-08
696,202.67228198108162,2014-10-09
697,202.14298964749005,2014-10-10
698,201.4861755070222,2014-10-13
699,205.91896834757551,2014-10-14
700,203.2836373985158,2014-10-15
701,204.98029296341835,2014-10-16
702,203.48047949706176,2014-10-17
703,206.207643685133,2014-10-20
704,200.62952377312973,2014-10-21
705,203.6181962692404,2014-10-22
706,203.02806297750118,2014-10-23
707,207.2297836307189,2014-10-24
708,207.08495454532024,2014-10-27
709,214.766494569303,2014-10-28
710,213.4616317185097,2014-10-29
711,213.75431398553783,2014-10-30
712,215.45332287722883,2014-10-31
713,215.78331917921736,2014-11-03
714,218.5879591302537,2014-11-04
715,216.89204547694592,2014-11-05
716,217.47339278118,2014-11-06
717,217.37143293910356,2014-11-07
718,219.55548204878625,2014-11-10
719,218.64310587816806,2014-11-11
720,219.71510631455632,2014-11-12
721,220.3780199935651,2014-11-13
722,219.15602996915038,2014-11-14
723,217.00872850302991,2014-11-17
724,218.27590386336115,2014-11-18
725,218.73896804164505,2014-11-19
726,219.49028655588145,2014-11-20
727,218.8667380636147,2014-11-21
728,226.21757941946834,2014-11-24
729,227.01451598020057,2014-11-25
730,227.5021666808065,2014-11-26
731,230.262638891336,2014-11-28
732,231.1965813433816,2014-12-01
733,232.6973305828659,2014-12-02
734,230.89371685742276,2014-12-03
735,231.70018398818308,2014-12-04
736,233.9327288790485,2014-12-05
737,231.93942350222144,2014-12-08
738,231.23504425397107,2014-12-09
739,227.5222950089697,2014-12-10
740,231.212330985634,2014-12-11
741,233.1060797736498,2014-12-12
742,229.92857797418625,2014-12-15
743,225.44088854431368,2014-12-16
744,228.2255720192782,2014-12-17
745,230.27288507708792,2014-12-18
746,227.74318895325513,2014-12-19
747,232.49936607399405,2014-12-22
748,233.38847646457296,2014-12-23
749,232.96661135388365,2014-12-24
750,233.7491813745189,2014-12-26
751,236.45039590650754,2014-12-29
752,235.59173200320828,2014-12-30
753,236.61836588253698,2014-12-31
754,236.095904718955,2015-01-02
755,233.19202018014775,2015-01-05
756,231.42534308428696,2015-01-06
757,243.80934950530354,2015-01-07
758,249.4917384637338,2015-01-08
759,248.6260785786736,2015-01-09
760,251.23151906227085,2015-01-12
761,255.0324143250586,2015-01-13
762,255.9354962940028,2015-01-14
763,253.12542158248272,2015-01-15
764,257.6480459249786,2015-01-16
765,256.2940599992428,2015-01-20
766,253.375814299063,2015-01-21
767,255.93538590781475,2015-01-22
768,256.14399374055483,2015-01-23
769,257.27869902880775,2015-01-26
770,256.4417661985773,2015-01-27
771,253.47984644283468,2015-01-28
772,255.80698061744064,2015-01-29
773,249.62287732940854,2015-01-30
774,245.65300874280507,2015-02-02
775,250.11180153006612,2015-02-03
776,249.22853919848828,2015-02-04
777,248.65455153380134,2015-02-05
778,248.56927214488545,2015-02-06
779,243.3294205973922,2015-02-09
780,246.51154723970814,2015-02-10
781,247.13856723166347,2015-02-11
782,249.3720083446805,2015-02-12
783,248.61420860407452,2015-02-13
784,249.08129318095564,2015-02-17
785,258.5568264556365,2015-02-18
786,260.24467424652664,2015-02-19
787,262.03886240871634,2015-02-20
788,256.68456324252077,2015-02-23
789,260.07955079383123,2015-02-24
790,260.1057857611795,2015-02-25
791,259.3463221598822,2015-02-26
792,254.23038906650245,2015-02-27
793,263.4628705746024,2015-03-02
794,262.232787153816,2015-03-03
795,260.0467277583939,2015-03-04
796,259.3398567823119,2015-03-05
797,253.632302339433,2015-03-06
798,256.0043037796031,2015-03-09
799,254.05508171673526,2015-03-10
800,252.30784672818888,2015-03-11
801,260.81153371724815,2015-03-12
802,260.9779223460531,2015-03-13
803,260.8030351335261,2015-03-16
804,260.86379446850043,2015-03-17
805,262.4140536810595,2015-03-18
806,265.7928226136082,2015-03-19
807,267.0154519136687,2015-03-20
808,272.2319333822596,2015-03-23
809,275.0142511864584,2015-03-24
810,258.8259343391267,2015-03-25
811,256.61390881227493,2015-03-26
812,258.4885964846201,2015-03-27
813,258.87368457721084,2015-03-30
814,257.149657520853,2015-03-31
815,253.5989641113162,2015-04-01
816,256.8872234279893,2015-04-02
817,257.5287580454187,2015-04-06
818,254.11527527131346,2015-04-07
819,260.68790893889457,2015-04-08
820,259.35851899908477,2015-04-09
821,261.90102305587595,2015-04-10
822,263.89213256838616,2015-04-13
823,263.97131855612315,2015-04-14
824,260.3841606222875,2015-04-15
825,262.0869176405423,2015-04-16
826,259.13609003748934,2015-04-17
827,262.41351383259905,2015-04-20
828,258.1197139991463,2015-04-21
829,256.15902201152755,2015-04-22
830,257.96926492639267,2015-04-23
831,260.43812339549936,2015-04-24
832,258.6907409535957,2015-04-27
833,259.22085179132335,2015-04-28
834,249.95031714952512,2015-04-29
835,244.96570390732253,2015-04-30
836,250.60364692297378,2015-05-01
837,254.08123033748743,2015-05-04
838,250.95327676035015,2015-05-05
839,251.36759516625952,2015-05-06
840,249.80273816566856,2015-05-07
841,252.60714616593617,2015-05-08
842,251.38080891799066,2015-05-11
843,249.63472217303763,2015-05-12
844,249.6115121172436,2015-05-13
845,249.79311756499487,2015-05-14
846,250.4835861896046,2015-05-15
847,251.14708704479094,2015-05-18
848,257.6148161659979,2015-05-19
849,260.3132008787761,2015-05-20
850,263.076263314942,2015-05-21
851,262.5846166568216,2015-05-22
852,258.2840020963379,2015-05-26
853,253.78966391570887,2015-05-27
854,254.66521078975805,2015-05-28
855,254.99903821072292,2015-05-29
856,252.94553183858807,2015-06-01
857,254.64659509937326,2015-06-02
858,254.59123413476806,2015-06-03
859,252.79027825488,2015-06-04
860,259.00053309872027,2015-06-05
861,259.19990228682536,2015-06-08
862,259.12808243174663,2015-06-09
863,258.8793357998473,2015-06-10
864,261.36282454699233,2015-06-11
865,262.0081554828484,2015-06-12
866,260.4827541498865,2015-06-15
867,260.7380310392293,2015-06-16
868,261.9699373548377,2015-06-17
869,264.5107851523936,2015-06-18
870,266.8696510648335,2015-06-19
871,268.456023524988,2015-06-22
872,256.6903851617439,2015-06-23
873,253.44327281660628,2015-06-24
874,253.92858946088126,2015-06-25
875,254.41124452527757,2015-06-26
876,247.41140471160733,2015-06-29
877,248.72080258101974,2015-06-30
878,248.05239417685746,2015-07-01
879,244.44097874212167,2015-07-02
880,245.48363036594637,2015-07-06
881,247.71491070032235,2015-07-07
882,243.3254493831078,2015-07-08
883,244.73017408479572,2015-07-09
884,248.45671345829635,2015-07-10
885,253.71137174501237,2015-07-13
886,252.13861054261687,2015-07-14
887,247.84362658270015,2015-07-15
888,249.9921898129516,2015-07-16
889,248.613420826005,2015-07-17
890,251.13895745494244,2015-07-20
891,252.93836326303028,2015-07-21
892,259.4269743847614,2015-07-22
893,256.6515049742261,2015-07-23
894,251.59686897299036,2015-07-24
895,247.09703148364318,2015-07-27
896,248.57405942251702,2015-07-28
897,257.9036859638363,2015-07-29
898,259.05541739539245,2015-07-30
899,265.2863114314787,2015-07-31
900,270.53932417278537,2015-08-03
901,272.3684064898879,2015-08-04
902,273.10053636823955,2015-08-05
903,263.5566009285692,2015-08-06
904,267.0205308277698,2015-08-07
905,262.65688579741953,2015-08-10
906,261.94299365152096,2015-08-11
907,261.1345668733129,2015-08-12
908,257.9914907976756,2015-08-13
909,258.7293513797109,2015-08-14
910,260.2434452788333,2015-08-17
911,257.1147002086961,2015-08-18
912,255.4997499408859,2015-08-19
913,248.05148848906165,2015-08-20
914,242.0998268291791,2015-08-21
915,235.9521585816478,2015-08-24
916,237.12045734378106,2015-08-25
917,243.5389399809281,2015-08-26
918,246.34802023092467,2015-08-27
919,245.2712901898973,2015-08-28
920,239.79240222326808,2015-08-31
921,236.87431205570638,2015-09-01
922,241.2562393203949,2015-09-02
923,241.12858959102715,2015-09-03
924,240.71616594830977,2015-09-04
925,244.62343192428935,2015-09-08
926,241.84877495465753,2015-09-09
927,241.42439316018132,2015-09-10
928,246.97392212297237,2015-09-11
929,244.94952218207658,2015-09-14
930,238.98790291338858,2015-09-15
931,234.55261736628734,2015-09-16
932,238.94152329939945,2015-09-17
933,235.6671198512342,2015-09-18
934,237.00530393408627,2015-09-21
935,236.1311842186471,2015-09-22
936,236.81383477518216,2015-09-23
937,235.9714165020119,2015-09-24
938,234.1145177107532,2015-09-25
939,226.85793926162592,2015-09-28
940,224.49214365099652,2015-09-29
941,226.2410639371278,2015-09-30
942,225.69846722443518,2015-10-01
943,231.60432825925784,2015-10-02
944,233.09621482580613,2015-10-05
945,230.04788344429025,2015-10-06
946,230.79026722364392,2015-10-07
947,231.8269386313937,2015-10-08
948,232.63724851867732,2015-10-09
949,233.12549829432422,2015-10-12
950,233.03700488188943,2015-10-13
951,226.95719317989733,2015-10-14
952,231.52815329215656,2015-10-15
953,232.3676440575796,2015-10-16
954,236.23847394978037,2015-10-19
955,237.26368123555585,2015-10-20
956,230.11320587044608,2015-10-21
957,229.35396305461944,2015-10-22
958,231.0203106733445,2015-10-23
959,236.84838630299168,2015-10-26
960,233.43101267235414,2015-10-27
961,240.54909674375415,2015-10-28
962,234.11497185614263,2015-10-29
963,231.05369534832954,2015-10-30
964,235.07368837311367,2015-11-02
965,233.90882606159107,2015-11-03
966,228.92262159595603,2015-11-04
967,227.0968993042883,2015-11-05
968,229.53584299815313,2015-11-06
969,223.70998797340079,2015-11-09
970,223.78047032323673,2015-11-10
971,223.71476207094037,2015-11-11
972,219.0919242928486,2015-11-12
973,213.94882536247928,2015-11-13
974,216.47549552263274,2015-11-16
975,212.71012522436146,2015-11-17
976,214.9388036069876,2015-11-18
977,215.84633459798707,2015-11-19
978,214.14176334828414,2015-11-20
979,219.0075856863436,2015-11-23
980,218.81904142480977,2015-11-24
981,221.8659000060969,2015-11-25
982,222.07827640141485,2015-11-27
983,222.36784876915937,2015-11-30
984,221.38346853849683,2015-12-01
985,223.47874940350673,2015-12-02
986,217.17356477760794,2015-12-03
987,218.99156640554355,2015-12-04
988,220.84750609888204,2015-12-07
989,221.56074885724826,2015-12-08
990,224.5014929118597,2015-12-09
991,225.76078360521507,2015-12-10
992,221.5483757890989,2015-12-11
993,220.9142183871168,2015-12-14
994,225.47347343316756,2015-12-15
995,226.0196325502092,2015-12-16
996,222.90547210597958,2015-12-17
997,222.65072848282836,2015-12-18
998,222.73156694595144,2015-12-21
999,221.9827444169886,2015-12-22
1000,223.67098255423093,2015-12-23
1001,225.9240142054153,2015-12-24
1002,225.59505069286948,2015-12-28
1003,228.5126553832057,2015-12-29
1004,228.69634897002544,2015-12-30
1005,225.86466770352447,2015-12-31
1006,218.7890017715128,2016-01-04
1007,218.78879871248535,2016-01-05
1008,211.12462795310364,2016-01-06
1009,209.63240650635595,2016-01-07
1010,209.33906600079047,2016-01-08
1011,209.12274024735663,2016-01-11
1012,212.75521391616292,2016-01-12
1013,208.521395142549,2016-01-13
1014,210.49401647663888,2016-01-14
1015,209.72778580502393,2016-01-15
1016,210.51367794134848,2016-01-19
1017,206.83213971563708,2016-01-20
1018,210.77409292630554,2016-01-21
1019,214.6131373610732,2016-01-22
1020,209.37327345719314,2016-01-25
1021,212.9923243712524,2016-01-26
1022,209.3616386279132,2016-01-27
1023,211.2688662415543,2016-01-28
1024,212.6300707101821,2016-01-29
1025,216.6974874937605,2016-02-01
1026,215.24462244517062,2016-02-02
1027,211.6476927697217,2016-02-03
1028,213.71195691831298,2016-02-04
1029,203.50868859907553,2016-02-05
1030,199.59448863650178,2016-02-08
1031,197.69316985640341,2016-02-09
1032,197.37614374524037,2016-02-10
1033,200.08235328815533,2016-02-11
1034,207.34644921208968,2016-02-12
1035,212.31086370262312,2016-02-16
1036,217.88535491975628,2016-02-17
1037,216.5310740584463,2016-02-18
1038,217.09979910701762,2016-02-19
1039,220.5156907091467,2016-02-22
1040,221.80757435276917,2016-02-23
1041,220.80385911458205,2016-02-24
1042,219.35810487940032,2016-02-25
1043,218.70856439969984,2016-02-26
1044,224.0116203081567,2016-02-29
1045,227.27083451244164,2016-03-01
1046,225.23624126015858,2016-03-02
1047,227.20866939585895,2016-03-03
1048,228.63137312574335,2016-03-04
1049,229.82456217921884,2016-03-07
1050,226.400064473138,2016-03-08
1051,224.79574380760624,2016-03-09
1052,223.29657470422924,2016-03-10
1053,225.24641316299835,2016-03-11
1054,225.85864612135984,2016-03-14
1055,219.71167456305176,2016-03-15
1056,223.45189618987743,2016-03-16
1057,222.40259943474263,2016-03-17
1058,222.87253390792503,2016-03-18
1059,221.85377171465908,2016-03-21
1060,221.30434064533208,2016-03-22
1061,218.7444886191555,2016-03-23
1062,219.08131832403677,2016-03-24
1063,222.92813913345816,2016-03-28
1064,224.79407944169398,2016-03-29
1065,230.98445267132453,2016-03-30
1066,233.79807229511448,2016-03-31
1067,234.08405520130938,2016-04-01
1068,234.12611020958855,2016-04-04
1069,232.83989683645655,2016-04-05
1070,234.01013340283458,2016-04-06
1071,232.09758259153597,2016-04-07
1072,232.54853565990106,2016-04-08
1073,231.116499365807,2016-04-11
1074,231.50776022961952,2016-04-12
1075,232.4869442017759,2016-04-13
1076,231.12212720950222,2016-04-14
1077,233.59422720580034,2016-04-15
1078,233.2904222511453,2016-04-18
1079,230.26622537470521,2016-04-19
1080,229.56706108554664,2016-04-20
1081,228.189327647776,2016-04-21
1082,228.02247028042208,2016-04-22
1083,229.17492530301,2016-04-25
1084,231.63882779984476,2016-04-26
1085,229.73286503453778,2016-04-27
1086,229.33277405073622,2016-04-28
1087,226.07815615536234,2016-04-29
1088,228.0343773859928,2016-05-02
1089,230.61368100539204,2016-05-03
1090,229.45149429909426,2016-05-04
1091,229.04588009435486,2016-05-05
1092,227.31858082960443,2016-05-06
1093,230.89075175479294,2016-05-09
1094,230.06348865536654,2016-05-10
1095,222.79797048241213,2016-05-11
1096,225.33885146773054,2016-05-12
1097,225.72123396375994,2016-05-13
1098,226.03855966267153,2016-05-16
1099,225.0001522642556,2016-05-17
1100,215.73890762374162,2016-05-18
1101,216.01041077319573,2016-05-19
1102,214.75923953905286,2016-05-20
1103,213.8510332473895,2016-05-23
1104,216.9163658591873,2016-05-24
1105,217.6513540819387,2016-05-25
1106,217.52246859557235,2016-05-26
1107,222.09743940535628,2016-05-27
1108,218.25667020183838,2016-05-31
1109,218.4554596761049,2016-06-01
1110,221.3776883157563,2016-06-02
1111,219.2746771294612,2016-06-03
1112,221.0132288960325,2016-06-06
1113,218.61697321418524,2016-06-07
1114,219.43744413617017,2016-06-08
1115,220.64467458633746,2016-06-09
1116,215.68084331550025,2016-06-10
1117,210.74735674007923,2016-06-13
1118,214.92015400773735,2016-06-14
1119,214.730055522123,2016-06-15
1120,216.59855592532264,2016-06-16
1121,216.98056220515926,2016-06-17
1122,215.62536115693024,2016-06-20
1123,213.6490725406367,2016-06-21
1124,214.26095868723468,2016-06-22
1125,218.93592229509431,2016-06-23
1126,208.79176031128125,2016-06-24
1127,204.35027728524045,2016-06-27
1128,203.91311596518318,2016-06-28
1129,208.07972096773614,2016-06-29
1130,207.68374383082525,2016-06-30
1131,208.56609354838474,2016-07-01
1132,206.92963218377622,2016-07-05
1133,208.9236435657487,2016-07-06
1134,208.9123881710792,2016-07-07
1135,213.89414506799022,2016-07-08
1136,216.81882963789133,2016-07-11
1137,218.06679131404067,2016-07-12
1138,217.1013637305116,2016-07-13
1139,217.61529514953747,2016-07-14
1140,214.61024283061747,2016-07-15
1141,213.93435093413217,2016-07-18
1142,212.95692928287252,2016-07-19
1143,215.24316071413017,2016-07-20
1144,215.16509222929182,2016-07-21
1145,220.5510004462615,2016-07-22
1146,222.08999393832693,2016-07-25
1147,214.61982185415326,2016-07-26
1148,213.12450669342445,2016-07-27
1149,213.8562158728284,2016-07-28
1150,213.54377362405202,2016-07-29
1151,214.22233664494172,2016-08-01
1152,207.5751525074916,2016-08-02
1153,209.33591903372417,2016-08-03
1154,209.84550344952106,2016-08-04
1155,213.6952732845428,2016-08-05
1156,214.72331593704038,2016-08-08
1157,216.43002754559686,2016-08-09
1158,215.53294103593353,2016-08-10
1159,220.43171557072768,2016-08-11
1160,221.32147569588585,2016-08-12
1161,223.67335525687096,2016-08-15
1162,222.3126739523115,2016-08-16
1163,221.23037646495712,2016-08-17
1164,221.2145425506568,2016-08-18
1165,218.78878829063314,2016-08-19
1166,218.53549179361656,2016-08-22
1167,220.71835082469252,2016-08-23
1168,218.47617554877345,2016-08-24
1169,218.99769097443735,2016-08-25
1170,215.60666900026968,2016-08-26
1171,217.4768715094773,2016-08-29
1172,216.42848889819481,2016-08-30
1173,217.2899762032601,2016-08-31
1174,216.2063558398241,2016-09-01
1175,216.3750041418803,2016-09-02
1176,213.0507378475001,2016-09-06
1177,215.61732463892085,2016-09-07
1178,211.87456326467859,2016-09-08
1179,206.66525984665566,2016-09-09
1180,209.75272994337536,2016-09-12
1181,208.83259258685558,2016-09-13
1182,208.1222927532356,2016-09-14
1183,207.99149861432986,2016-09-15
1184,208.51330904273786,2016-09-16
1185,207.3103804730079,2016-09-19
1186,206.15443369025695,2016-09-20
1187,207.43332183538413,2016-09-21
1188,212.92491142350536,2016-09-22
1189,214.21817078883976,2016-09-23
1190,213.50866877947735,2016-09-26
1191,213.26568766993006,2016-09-27
1192,205.57634049549654,2016-09-28
1193,205.02288007735132,2016-09-29
1194,209.13110438140131,2016-09-30
1195,208.8701677500035,2016-10-03
1196,206.69826554614676,2016-10-04
1197,206.87562857027325,2016-10-05
1198,206.86672030327637,2016-10-06
1199,205.89389644152553,2016-10-07
1200,208.46576401209214,2016-10-10
1201,205.18823541628782,2016-10-11
1202,205.9622416510245,2016-10-12
1203,203.55551224851735,2016-10-13
1204,205.10000519118813,2016-10-14
1205,203.2498872582899,2016-10-17
1206,202.40831269416555,2016-10-18
1207,205.83018000393207,2016-10-19
1208,203.2084409435496,2016-10-20
1209,206.83230730076173,2016-10-21
1210,209.02765315856897,2016-10-24
1211,192.58591555023668,2016-10-25
1212,187.98611352478912,2016-10-26
1213,190.77300976857316,2016-10-27
1214,192.24820567809286,2016-10-28
1215,192.26500889466112,2016-10-31
1216,189.76474751333345,2016-11-01
1217,197.38847002503564,2016-11-02
1218,198.77262657411072,2016-11-03
1219,196.88742269333918,2016-11-04
1220,200.23006573996565,2016-11-07
1221,199.55240033572608,2016-11-08
1222,206.96516079914957,2016-11-09
1223,213.4411183359789,2016-11-10
1224,219.5914141025217,2016-11-11
1225,222.89720184162525,2016-11-14
1226,221.69528061481776,2016-11-15
1227,222.11105274584142,2016-11-16
1228,220.34979799834937,2016-11-17
1229,222.7367084820648,2016-11-18
1230,221.54116390668648,2016-11-21
1231,224.1803735333629,2016-11-22
1232,227.20115944234217,2016-11-23
1233,229.19024219016575,2016-11-25
1234,225.03217235567726,2016-11-28
1235,221.68003626731786,2016-11-29
1236,217.59276481952168,2016-11-30
1237,220.95485634418924,2016-12-01
1238,215.92069045652752,2016-12-02
1239,216.91072013158566,2016-12-05
1240,219.91797271964936,2016-12-06
1241,222.4231388605935,2016-12-07
1242,227.09424288126576,2016-12-08
1243,227.7200274055721,2016-12-09
1244,224.4824256341879,2016-12-12
1245,224.02334505018564,2016-12-13
1246,222.94492364642144,2016-12-14
1247,223.2299732303598,2016-12-15
1248,225.1134005510823,2016-12-16
1249,224.3451035437642,2016-12-19
1250,224.2468061503827,2016-12-20
1251,223.63055956333747,2016-12-21
1252,222.19589875490306,2016-12-22
1253,223.47225803166452,2016-12-23
1254,223.77859371432004,2016-12-27
1255,221.5212738831523,2016-12-28
1256,221.18474761582186,2016-12-29
1257,218.3266738846277,2016-12-30
1258,216.53162314223505,2017-01-03
1259,218.4480874672206,2017-01-04
1260,222.79307134390496,2017-01-05
1261,219.86791295275088,2017-01-06
1262,217.21313874246525,2017-01-09
1263,217.93337287204594,2017-01-10
1264,219.04071001989473,2017-01-11
1265,216.91041083944913,2017-01-12
1266,215.97798318530363,2017-01-13
1267,211.51110116250393,2017-01-17
1268,212.58777425443293,2017-01-18
1269,211.34272408151105,2017-01-19
1270,211.18957418049646,2017-01-20
1271,210.60991432054948,2017-01-23
1272,212.696740100814,2017-01-24
1273,211.77811132585794,2017-01-25
1274,210.64035341371167,2017-01-26
1275,209.94735131162724,2017-01-27
1276,209.7996253692358,2017-01-30
1277,208.82340284357227,2017-01-31
1278,207.49389683418926,2017-02-01
1279,208.48194755910515,2017-02-02
1280,208.9689682780436,2017-02-03
1281,206.57694141009398,2017-02-06
1282,206.6683940200886,2017-02-07
1283,208.4270401596613,2017-02-08
1284,213.41734936270134,2017-02-09
1285,216.0298212982663,2017-02-10
1286,215.5247561114862,2017-02-13
1287,215.53944026580197,2017-02-14
1288,215.24503655378635,2017-02-15
1289,222.52327987907748,2017-02-16
1290,223.15450099709994,2017-02-17
1291,221.03942100394693,2017-02-21
1292,216.83118738276954,2017-02-22
1293,213.4543627167636,2017-02-23
1294,212.4043583187495,2017-02-24
1295,213.03211024452423,2017-02-27
1296,210.30505213266082,2017-02-28
1297,211.66692249958297,2017-03-01
1298,210.8065968858911,2017-03-02
1299,208.07870529599106,2017-03-03
1300,206.06905158868972,2017-03-06
1301,203.3510548842096,2017-03-07
1302,202.13452044652666,2017-03-08
1303,200.9720985545826,2017-03-09
1304,201.2915454081727,2017-03-10
1305,200.1103067567489,2017-03-13
1306,200.89443920713018,2017-03-14
1307,202.43539425500313,2017-03-15
1308,202.21353432487842,2017-03-16
1309,203.948101337641,2017-03-17
1310,200.29723837425345,2017-03-20
1311,198.52386882549698,2017-03-21
1312,198.3439705898355,2017-03-22
1313,200.2884463976912,2017-03-23
1314,200.10079695857715,2017-03-24
1315,199.9685985761233,2017-03-27
1316,204.62888903672174,2017-03-28
1317,209.22622837489135,2017-03-29
1318,210.31291335417072,2017-03-30
1319,211.35882984325926,2017-03-31
1320,210.59269418375524,2017-04-03
1321,208.78231739921804,2017-04-04
1322,209.7212653965794,2017-04-05
1323,211.6589084778144,2017-04-06
1324,211.69430501397943,2017-04-07
1325,212.31469206597404,2017-04-10
1326,212.98736786969505,2017-04-11
1327,211.28852788404168,2017-04-12
1328,207.52013859472555,2017-04-13
1329,207.39909106653937,2017-04-17
1330,207.83467158148952,2017-04-18
1331,208.99093779848133,2017-04-19
1332,211.3032398500718,2017-04-20
1333,213.06929095924409,2017-04-21
1334,220.27034567074554,2017-04-24
1335,220.1029185270927,2017-04-25
1336,222.73869582481097,2017-04-26
1337,222.15141675461044,2017-04-27
1338,219.55775499069057,2017-04-28
1339,221.787459948912,2017-05-01
1340,224.07208640136935,2017-05-02
1341,219.64963815059735,2017-05-03
1342,219.53108076402725,2017-05-04
1343,221.77045732420106,2017-05-05
1344,220.4920977980932,2017-05-08
1345,224.2198317571885,2017-05-09
1346,224.90837296367576,2017-05-10
1347,224.0229222456364,2017-05-11
1348,220.85396410131935,2017-05-12
1349,218.41929424070833,2017-05-15
1350,217.79205485370468,2017-05-16
1351,216.41498357444246,2017-05-17
1352,216.77248470600674,2017-05-18
1353,217.49007915750133,2017-05-19
1354,215.6921643841496,2017-05-22
1355,214.1974595632143,2017-05-23
1356,217.64235814001776,2017-05-24
1357,219.43279820813734,2017-05-25
1358,218.67767327766214,2017-05-26
1359,218.4063780245317,2017-05-30
1360,219.87957754843436,2017-05-31
1361,223.21109790276637,2017-06-01
1362,223.8752820517307,2017-06-02
1363,223.03892545542965,2017-06-05
1364,222.78693543852606,2017-06-06
1365,221.2696192453888,2017-06-07
1366,221.0808274412622,2017-06-08
1367,222.95767273036333,2017-06-09
1368,222.02840421803984,2017-06-12
1369,220.55764876875443,2017-06-13
1370,217.93618294014482,2017-06-14
1371,212.67267013357866,2017-06-15
1372,213.1481126239862,2017-06-16
1373,214.71289853105986,2017-06-19
1374,209.03624245136155,2017-06-20
1375,205.36889620766934,2017-06-21
1376,206.2859171750879,2017-06-22
1377,209.23185797322674,2017-06-23
1378,209.46652212939404,2017-06-26
1379,207.17083034627908,2017-06-27
1380,207.4378652925317,2017-06-28
1381,207.3399702577913,2017-06-29
1382,205.96864755591758,2017-06-30
1383,207.87292433817385,2017-07-03
1384,205.0955255829341,2017-07-05
1385,203.4229316948604,2017-07-06
1386,204.21757280475998,2017-07-07
1387,201.6493707710262,2017-07-10
1388,201.22812345447437,2017-07-11
1389,200.96907210984867,2017-07-12
1390,200.51557371721378,2017-07-13
1391,199.93704746313423,2017-07-14
1392,199.9461436375618,2017-07-17
1393,196.76019561994158,2017-07-18
1394,196.12072513403237,2017-07-19
1395,195.23854774243807,2017-07-20
1396,194.41103556807155,2017-07-21
1397,192.07884072409772,2017-07-24
1398,195.64315233559435,2017-07-25
1399,192.9937512133928,2017-07-26
1400,193.07859393511063,2017-07-27
1401,189.34030686628586,2017-07-28
1402,188.6439889132766,2017-07-31
1403,190.0634455190062,2017-08-01
1404,194.2424741201878,2017-08-02
1405,191.76275629800705,2017-08-03
1406,193.94801518718612,2017-08-04
1407,196.24837946899433,2017-08-07
1408,191.83773882656044,2017-08-08
1409,190.417758697704,2017-08-09
1410,190.492664616123,2017-08-10
1411,192.2219688134922,2017-08-11
1412,193.7533287342433,2017-08-14
1413,191.46851662843767,2017-08-15
1414,192.47964521390696,2017-08-16
1415,190.5531368158589,2017-08-17
1416,189.01233685355857,2017-08-18
1417,186.35334536893325,2017-08-21
1418,188.02366056417222,2017-08-22
1419,185.494338791961,2017-08-23
1420,184.5502029411922,2017-08-24
1421,185.48575998643807,2017-08-25
1422,184.90305119898338,2017-08-28
1423,182.91821348821023,2017-08-29
1424,183.88190590861112,2017-08-30
1425,185.33457009941722,2017-08-31
1426,186.42175726631223,2017-09-01
1427,182.8278287915508,2017-09-05
1428,181.11910647827682,2017-09-06
1429,178.04849038513788,2017-09-07
1430,179.41804934256342,2017-09-08
1431,181.6025055119279,2017-09-11
1432,185.98908661557306,2017-09-12
1433,187.3439317602056,2017-09-13
1434,185.63140313091404,2017-09-14
1435,189.19710681375784,2017-09-15
1436,188.1320279708038,2017-09-18
1437,187.48372942567403,2017-09-19
1438,190.9512553601346,2017-09-20
1439,190.5610338923353,2017-09-21
1440,191.26569983847043,2017-09-22
1441,192.6090969854183,2017-09-25
1442,192.38923857018298,2017-09-26
1443,193.60622991905052,2017-09-27
1444,195.42663234130967,2017-09-28
1445,194.72794881696962,2017-09-29
1446,194.4507189688288,2017-10-02
1447,195.08357027996203,2017-10-03
1448,193.00830914987404,2017-10-04
1449,194.51826887608019,2017-10-05
1450,195.59774417875556,2017-10-06
1451,193.4610064157876,2017-10-09
1452,195.5773770382194,2017-10-10
1453,195.3097643801537,2017-10-11
1454,194.7551817683841,2017-10-12
1455,195.25687868996118,2017-10-13
1456,195.6784771296187,2017-10-16
1457,201.07057825762848,2017-10-17
1458,200.11913493014126,2017-10-18
1459,200.73530211033278,2017-10-19
1460,198.756271208591,2017-10-20
1461,198.38191747192906,2017-10-23
1462,199.4073133284561,2017-10-24
1463,195.03744452178992,2017-10-25
1464,196.66873340916888,2017-10-26
1465,197.2520356232403,2017-10-27
1466,194.39224258394393,2017-10-30
1467,196.9052592807808,2017-10-31
1468,196.1862389310379,2017-11-01
1469,198.77546931003687,2017-11-02
1470,195.65604979564986,2017-11-03
1471,193.89086737640963,2017-11-06
1472,190.074433650529,2017-11-07
1473,190.84120909856995,2017-11-08
1474,192.33708880549074,2017-11-09
1475,192.08202444455807,2017-11-10
1476,191.18464273053502,2017-11-13
1477,192.06840915078578,2017-11-14
1478,192.9505931759603,2017-11-15
1479,195.05397745097642,2017-11-16
1480,197.13456499717367,2017-11-17
