year,revenuegrowth,nopat,nopatmargin,investedcapital,investedcapitalturnover,investedcapitalincreasedecrease,freecashflow,netnonopex,netnonopobligations,ebit,depreciationandamortization,ebitda,capex,dfcfnwc,dfnwc,nwc,debt,ltdebtandcapleases,netdebt,totalcapital,bookvaluepershare,tangbookvaluepershare,marketcap,enterprisevalue,pricetobook,pricetotangiblebook,pricetorevenue,pricetoearnings,dividendyield,earningsyield,evtoinvestedcapital,evtorevenue,evtoebitda,evtoebit,evtonopat,evtoocf,evtofcff,ebitdagrowth,ebitgrowth,nopatgrowth,netincomegrowth,epsgrowth,ocfgrowth,fcffgrowth,investedcapitalgrowth,revenueqoqgrowth,ebitdaqoqgrowth,ebitqoqgrowth,nopatqoqgrowth,netincomeqoqgrowth,epsqoqgrowth,ocfqoqgrowth,fcffqoqgrowth,investedcapitalqoqgrowth,grossmargin,ebitdamargin,operatingmargin,ebitmargin,profitmargin,costofrevtorevenue,sgaextorevenue,rdextorevenue,opextorevenue,taxburdenpct,interestburdenpct,efftaxrate,assetturnover,arturnover,invturnover,faturnover,apturnover,dso,dio,dpo,ccc,finleverage,leverageratio,compoundleveragefactor,ltdebttoequity,debttoequity,roic,nnep,roicnnepspread,rnnoa,roe,croic,oroa,roa,noncontrollinginterestsharingratio,roce,divpayoutratio,augmentedpayoutratio,ocftocapex,stdebttocap,ltdebttocap,debttototalcapital,preferredtocap,noncontrolinttocap,commontocap,debttoebitda,netdebttoebitda,ltdebttoebitda,debttonopat,netdebttonopat,ltdebttonopat,altmanzscore,ebittointerestex,nopattointerestex,ebitlesscapextointerestex,nopatlesscapextointex,ocftointerestex,ocflesscapextointerestex,fcfftointerestex,currentratio,quickratio,dfcfnwctorev,dfnwctorev,nwctorev,normalizednopat,normalizednopatmargin,pretaxincomemargin,adj_close
2009Q2,0.4473260702416932,0.3671620163741483,0.8087510431879823,0.01,0.01,0.03121507724847681,0.6053575285507016,0.4780676237007645,1.0,0.3697465551618372,0.01,0.04224224227799228,0.01,1.0,0.01,0.01,0.01,0.01,1.0,0.01,0.01,0.01,0.01,0.01,0.01,0.01,0.01,0.01,0.01,0.2704135376669272,0.01,0.01,0.01,0.01,0.01,0.01,0.01,0.0917759634875288,0.32730038426449504,0.3200365557697949,0.30944596702637983,0.3057622449125905,0.18851981061301365,0.548145201582877,0.07486621367561463,0.5050952286150375,0.12704022172167945,0.35905177421163953,0.4290074984669821,0.41676913954647077,0.39923748737971004,0.1674498658825562,0.2547085534734852,0.2597237786370012,0.9359387590652699,0.1014806258531975,0.8147471200788822,0.8140717988097524,0.8055555555555556,0.06406124093472965,0.19418496515005773,0.01,0.3198950331195902,0.4356459037420519,0.599026190711089,0.5643540962579481,0.01,0.01,0.01,0.01,0.01,0.01,0.01,0.01,1.0,0.9999999999999999,0.01,0.01,0.01,0.01,0.21049168770375692,1.0,0.21166924874615972,0.8354931224021002,0.24292818475249706,0.011885783266467633,0.24550064495874308,0.24185131604198346,0.01,0.24292818475249706,0.01,0.01,0.01,0.01,0.01,0.01,0.01,0.01,0.01,0.01,0.01,0.01,0.01,0.01,0.01,0.01,0.01,0.01,0.01,0.01,0.01,0.01,0.01,0.01,0.01,1.0,0.01,0.01,0.35452406613969767,0.8164270939011055,0.8121583126250075,0.046905348157890714
2009Q3,0.4473260702416932,0.36192169364976906,0.7955416753598998,0.01,0.01,0.03121507724847681,0.6053575285507016,0.4898493465960888,1.0,0.3606408802863205,0.3719010252182884,0.2936293436293437,0.3088512853139008,1.0,0.01,0.01,0.01,0.01,1.0,0.01,0.01,0.01,0.026061172251916148,0.01,0.01,0.01,0.01,0.01,0.01,0.2704135376669272,0.01,0.01,0.01,0.01,0.01,0.01,0.01,0.0917759634875288,0.32730038426449504,0.3200365557697949,0.30944596702637983,0.3057622449125905,0.18851981061301365,0.548145201582877,0.07486621367561463,0.4699820824208641,0.12704022172167945,0.3453786473689271,0.41833221499037143,0.40597397283160785,0.3912785500963731,0.1674498658825562,0.2547085534734852,0.2597237786370012,0.9135252075815434,0.8215394308516223,0.7906736249729445,0.7895469379919371,0.791755298195856,0.08647479241845613,0.1911170197467028,0.01,0.3442180037951734,0.4856271280837432,0.599026190711089,0.5143728719162564,0.01,0.01,0.01,0.01,0.01,0.01,0.01,0.01,1.0,0.9999999999999999,0.01,0.01,0.01,0.01,0.21049168770375692,1.0,0.21166924874615972,0.8354931224021002,0.24292818475249706,0.011885783266467633,0.24550064495874308,0.24185131604198346,0.01,0.24292818475249706,0.01,0.01,0.5523493248502902,0.01,0.01,0.01,0.01,0.01,0.01,0.01,0.01,0.01,0.01,0.01,0.01,0.01,0.01,0.01,0.01,0.01,0.01,0.01,0.01,0.01,0.01,1.0,0.01,0.01,0.3537555426035595,0.8162162874346172,0.7873810533971755,0.033309373422851646
2010Q1,0.4473260702416932,0.3811401287993801,0.816790110577926,0.01,0.01,0.03121507724847681,0.6053575285507016,0.45623355750965655,1.0,0.38418697554404807,0.40278245785461475,0.32190047190047194,0.21372166170015422,1.0,0.01,0.01,0.01,0.01,1.0,0.01,0.01,0.01,0.05007648988449656,0.01,0.01,0.01,0.01,0.01,0.01,0.2704135376669272,0.01,0.01,0.01,0.01,0.01,0.01,0.01,0.0917759634875288,0.32730038426449504,0.3200365557697949,0.30944596702637983,0.3057622449125905,0.18851981061301365,0.548145201582877,0.07486621367561463,0.5050952286150375,0.12704022172167945,0.35905177421163953,0.4290074984669821,0.41676913954647077,0.39923748737971004,0.1070546978284237,0.2547085534734852,0.2597237786370012,0.9195074098728235,0.8614974272813188,0.8235572336724305,0.8236705701670187,0.814471230862155,0.08049259012717602,0.18051662922281914,0.01,0.29116317129776603,0.4322156542578548,0.599026190711089,0.5677843457421448,0.01,0.01,0.01,0.01,0.01,0.01,0.01,0.01,1.0,0.9999999999999999,0.01,0.01,0.01,0.01,0.21049168770375692,1.0,0.21166924874615972,0.8354931224021002,0.24292818475249706,0.011885783266467633,0.24550064495874308,0.24185131604198346,0.01,0.24292818475249706,0.01,0.01,0.7425043365267331,0.01,0.01,0.01,0.01,0.01,0.01,0.01,0.01,0.01,0.01,0.01,0.01,0.01,0.01,0.01,0.01,0.01,0.01,0.01,0.01,0.01,0.01,1.0,0.01,0.01,0.3679784381734921,0.8215655015217593,0.8218558700527304,0.10771254224845919
2010Q2,0.7971068746134944,0.4307977918180741,0.8623252660129355,0.5030382935079319,0.01,0.03121507724847681,0.6053575285507016,0.42015065380313993,0.8062632150429838,0.4332659233801175,0.41046069402841684,0.37240812240812243,0.23809523801259305,0.6888408789151801,0.28803035986349673,0.28803035986349673,0.01,0.01,0.8062632150429838,0.31231219976661273,0.30972767655958283,0.30343572941128116,0.08811461267363574,0.19130783400882356,0.5093451778882098,0.5148745566113456,0.01,0.01,0.01,0.2704135376669272,0.3055642121135964,0.01,0.01,0.01,0.01,0.4308712121212121,0.01,0.0917759634875288,0.4064451014685294,0.39743018008346886,0.38588235769413937,0.38419836310929134,0.18851981061301365,0.548145201582877,0.07486621367561463,0.8488711925144337,0.14688723897458378,0.4127723509005256,0.4940107692062234,0.4815737928327455,0.4604901261675974,0.19895155478913545,0.2547085534734852,0.2597237786370012,0.9759923624005888,0.8904252861493226,0.8674434637614936,0.8684808344531901,0.8613540271540744,0.024007637599411602,0.19245924586067054,0.01,0.2594191550448295,0.43865422832044354,0.599026190711089,0.5613457716795565,0.01,0.01,0.01,0.01,0.01,0.01,0.01,0.01,1.0,0.3697971450037565,0.9205266060104769,0.8837347803070407,0.01,0.01,0.21049168770375692,0.29329185005311886,0.21166924874615972,0.8354931224021002,0.24292818475249706,0.011885783266467633,0.24550064495874308,0.24185131604198346,0.01,0.24292818475249706,0.01,0.01,0.7692509301313522,0.01,0.01,0.01,0.01,0.01,1.0,0.01,0.01,0.01,0.01,0.01,0.01,0.01,0.01,0.01,0.01,0.01,0.01,0.01,0.01,0.7614703818556326,0.7666426100589802,1.0,0.01,0.01,0.4193155628674724,0.8683250108697085,0.8671273006444834,0.16153057947298394
2010Q3,0.8517415455080952,0.4409484396368746,0.8725550281660754,0.522412737774686,0.01,0.03121507724847681,0.6053575285507016,0.41030339437555985,0.810078108776779,0.44273411926941353,0.41686323579089757,0.3828828828828829,0.32027334844563116,0.7309468137625537,0.29188083315088476,0.29188083315088476,0.01,0.01,0.810078108776779,0.3168989393214412,0.3159974090711415,0.30971421297517915,0.14218542484588284,0.2431302769099032,0.6278640221645632,0.6343974661039623,0.01,0.01,0.01,0.2704135376669272,0.3740102203233644,0.01,0.01,0.01,0.01,0.5421240266441505,0.01,0.12160174264067114,0.4352912148896185,0.4193693327821859,0.40776309736090854,0.40400906208328036,0.19689901755002034,0.548145201582877,0.07486621367561463,0.5355975844448869,0.12956767576368644,0.3654056270830663,0.4373377236196743,0.42511746533964656,0.4080193734687969,0.15940981763745535,0.2547085534734852,0.3655331844122689,1.0,0.8987503937834714,0.875968992248062,0.8772517117808921,0.8719372882691248,0.01,0.19448377024923863,0.01,0.26375044970689676,0.4453248610812248,0.599026190711089,0.5546751389187754,0.01,0.01,0.01,0.01,0.01,0.01,0.01,0.01,1.0,0.3906836964688203,0.928108629721533,0.8910137638962413,0.01,0.01,0.21049168770375692,0.3005767187737138,0.21166924874615972,0.8354931224021002,0.24292818475249706,0.011885783266467633,0.24550064495874308,0.24185131604198346,0.01,0.24292818475249706,0.01,0.01,0.5558881758392635,0.01,0.01,0.01,0.01,0.01,1.0,0.01,0.01,0.01,0.01,0.01,0.01,0.01,0.01,0.01,0.01,0.01,0.01,0.01,0.01,0.7536159713891215,0.7323992733245402,1.0,0.01,0.01,0.4302781010899184,0.8800050066535793,0.8759884437440653,0.2237141939529264
2010Q4,0.4473260702416932,0.43080138522697076,0.8413441477154182,0.5238163373945036,0.6192503860371531,0.03121507724847681,0.6053575285507016,0.4267845600152569,0.7794075241568119,0.42971890404921753,0.42880180990439554,0.3715644215644216,0.4559713634294361,0.6971864046464575,0.34158113074288776,0.34158113074288776,0.01,0.01,0.7794075241568119,0.33765440426659504,0.3355778415145109,0.32950569041440647,0.20713737985899236,0.3027382145354127,0.7311491270504421,0.7374103513450535,0.6623665239308364,0.0769800042230506,0.01,0.8317985660403003,0.46453547792577704,0.658350855259419,0.3094131339127061,0.08019047584533621,0.0687297665538023,0.648448494230228,0.01,0.0917759634875288,0.32730038426449504,0.3200365557697949,0.30944596702637983,0.3057622449125905,0.22092330146290073,0.548145201582877,0.07486621367561463,0.5099847368770324,0.12201148859667553,0.3447882783457249,0.4150720119546799,0.40278080969111013,0.3871234211399563,0.2490315441166018,0.2547085534734852,0.23258773850252695,0.9072627264127808,0.861367216213378,0.8384999559093497,0.8392445766941832,0.8399051970902597,0.09273727358721917,0.18290067846334285,0.01,0.25500320967275436,0.4727120067170443,0.599026190711089,0.5272879932829555,0.8265893227692888,0.834640107166588,0.950965761817871,0.6788420770486611,0.9523834555263522,0.2795215519590213,0.7698342915116672,0.7443854778055037,0.30446650124069474,0.337190082644628,0.9412737799834573,0.9036527263102169,0.01,0.01,0.6171910065618207,0.2833510396114737,0.6175261927894337,0.5376832203019033,0.8282177924245376,0.5524203792333832,0.8402572555014867,0.8311030247560562,0.01,0.8282177924245376,0.01,0.019101148801463165,0.5399407903205046,0.01,0.01,0.01,0.01,0.01,1.0,0.01,0.01,0.01,0.01,0.01,0.01,0.5576461424069681,0.01,0.01,0.01,0.01,0.01,0.01,0.01,0.7449693293193599,0.7159744170420327,0.26700099982542735,0.8049388916792233,0.8049388916792233,0.42444412523094455,0.8582260635845006,0.8375901569792107,0.0707938886934712
2011Q1,0.875536520065254,0.43053435731069756,0.8077991341539743,0.5398078340338817,0.6335688549904075,0.03121507724847681,0.6053575285507016,0.43363744326009646,0.7555622298971597,0.43257997675600557,0.44514514019283324,0.3768697268697269,0.28677730765666315,0.7715440817518975,0.3351262803165678,0.3351262803165678,0.01,0.01,0.7555622298971597,0.3592547620448625,0.3572565058985675,0.3513789459307869,0.30094829677318735,0.3903641826796234,0.879818813492238,0.8858624826312474,0.8045603194391747,0.0940578329215791,0.01,0.6681844439158652,0.5813353438887493,0.8056108048720425,0.382580021683183,0.09875788439899182,0.0846030893844437,0.8125087953841824,0.01,0.10790221849567583,0.3828555602736098,0.3755825978808415,0.36386324739709197,0.35938196077810897,0.2211781917652974,0.548145201582877,0.07486621367561463,0.6263295507332935,0.1277510172752403,0.35926058157608,0.4256988288857,0.4133871622452684,0.3944921171727726,0.10719860207305217,0.2547085534734852,0.3358998716112418,0.8368864520197596,0.8313136616612411,0.8126067194151174,0.8130879247456326,0.8057656451062265,0.16311354798023991,0.18906692914644008,0.01,0.24389280398422675,0.4409030880683855,0.599026190711089,0.5590969119316145,0.7835314091680815,0.6014698688725361,0.7328048048906753,0.6877360559467822,0.8274671462166274,0.3889433818320527,1.0,0.8568305626823182,0.2550868486352357,0.31029301277235155,0.9183209263854425,0.8816172578083642,0.01,0.01,0.6038922083580561,0.27591440279253304,0.6043422699542229,0.5352887087070664,0.7899564268306802,0.011885783266467633,0.7834258115446477,0.7666184437785093,0.01,0.7899564268306802,0.01,0.01759480323104195,0.6309795340455656,0.01,0.01,0.01,0.01,0.01,1.0,0.01,0.01,0.01,0.01,0.01,0.01,0.7195871543391283,0.01,0.01,0.01,0.01,0.01,0.01,0.01,0.8570814187736254,0.8381156210337706,0.4303375601085525,0.7451755120263407,0.7451755120263407,0.4180588366157709,0.8086733685555806,0.8111643129886659,0.36981357150503924
2011Q2,0.8406046826572124,0.46370488471343374,0.8084120070936782,0.527814779353547,0.6995929062748585,0.16896802096158095,0.7277757957045126,0.9999999999999999,0.7007447434745773,0.4565667838344061,0.4454099069574471,0.40103675103675107,0.3388979281200671,0.7253223578628287,0.3911945755539723,0.3911945755539723,0.01,0.01,0.7007447434745773,0.3910333926273671,0.3883305720408295,0.38275280012411117,0.35801247659249114,0.44064358991242464,0.9159241831215094,0.9202634009096481,0.8649791316602525,0.1042448193093883,0.01,0.5961466580583777,0.6711736617240514,0.8628364683374059,0.42280648278680855,0.10911845126032606,0.09269627639490631,0.8149656393657941,0.01,0.09840681496976744,0.3475499459759435,0.34904112239560836,0.3297248393966435,0.3253027328153917,0.3207540064166513,0.548145201582877,0.21651552931751833,0.8025615502024024,0.1342785867197332,0.379045454909627,0.46309242449830357,0.4412402290905441,0.42155962072057435,0.2872709259844483,0.2547085534734852,0.14017751786681706,0.7993203237221036,0.7970303475795442,0.81196940910512,0.7961620912523198,0.7898382310459834,0.20067967627789596,0.1992742391655189,0.01,0.21475179706403114,0.4464345235834921,0.599026190711089,0.5535654764165074,0.8420581022448594,0.9699244219719932,0.9206426934457588,0.7411486634664587,0.8980495227555677,0.24015040052313222,0.7952992898207641,0.7894492672125961,0.23668639053254437,0.2898572501878286,0.9205266060104769,0.8837347803070407,0.01,0.01,0.6463918744649501,0.01,0.6507956305963292,0.4931839313060599,0.8300194568461836,0.011885783266467633,0.8077590698034183,0.7922380832878169,0.01,0.8300194568461836,0.01,0.012656819807417084,0.8325922929346792,0.01,0.01,0.01,0.01,0.01,1.0,0.01,0.01,0.01,0.01,0.01,0.01,0.7377934355415502,0.01,0.01,0.01,0.01,0.01,0.01,0.01,0.8492496434957785,0.8256725480924769,0.37255399850819704,0.8311959372732853,0.8311959372732853,0.4513348801239595,0.8069539783132849,0.794064286724448,0.36179974612690596
2011Q3,0.871426028586266,0.511824474344926,0.8791010327561024,0.5167983392954156,0.7331586417731193,0.01,0.8703032849893592,0.3946140991905674,0.6565257965899638,0.5155688558907887,0.45109035754370824,0.46122908622908626,0.38166829367411526,0.6109918458784683,0.43340261450312856,0.43340261450312856,0.01,0.01,0.6565257965899638,0.41617572105051615,0.4123860063564472,0.4070499348284125,0.3508193813155974,0.43047223039327653,0.8477857425568407,0.8505726294349655,0.8066019838473631,0.09655286348560141,0.01,0.6491555948214346,0.6696556923850214,0.7978064442802749,0.3905882515941988,0.09997118944120201,0.08516964502484113,0.6946623745191857,0.01,0.11079261625168019,0.3937397259698054,0.38302179533011166,0.3708211690904253,0.3650949595375608,0.367451555878339,0.548145201582877,0.01,0.5727971331873383,0.14539328864744333,0.40732408104730167,0.47390678588834817,0.47126436096979,0.4514749676991181,0.1852850255386294,0.2923621386112362,0.1451683525421716,0.8519339242546335,0.8912317546991493,0.8876129321885797,0.8887022461124977,0.8783318889676726,0.14806607574536645,0.17911368335607658,0.01,0.12399918170980317,0.4251146580931522,0.599026190711089,0.5748853419068476,0.8509715148085266,1.0,0.9094156341239218,0.7599356709471478,0.7952026559690136,0.23284834613917496,0.8051403449442001,0.8916107264611814,0.09819622065279632,0.2634109691960931,0.92328370554177,0.8863816834303863,0.01,0.01,0.723686486415477,0.29056002428289573,0.7238575392344793,0.42599403850360973,0.9183942030458859,0.011885783266467633,0.909435052540819,0.8886863199539422,0.01,0.9183942030458859,0.01,0.007373462137557339,0.8068977437802254,0.01,0.01,0.01,0.01,0.01,1.0,0.01,0.01,0.01,0.01,0.01,0.01,0.6947031122756082,0.01,0.01,0.01,0.01,0.01,0.01,0.01,0.8572398650942755,0.8701689769305428,0.21285172430210597,0.8744740219878342,0.8744740219878342,0.5020071193812393,0.8825544473576729,0.887556821625553,0.4150060409561534
2011Q4,0.8633885497121737,0.4947115711548641,0.8415723450865844,0.5220766006489044,0.7671455087111818,0.021542444044574928,0.8444631713906879,0.40364118283687955,0.6312002276529243,0.5007268190913517,0.46209021312812065,0.447933647933648,0.6321726868024918,0.4871945633076178,0.4146484452678461,0.4146484452678461,0.01,0.01,0.6312002276529243,0.43482457542754677,0.4316432296217271,0.4264688137710283,0.4048320067154926,0.48005434011755166,0.9030476274242492,0.9051342464334724,0.8525484669449113,0.10193643614555557,0.01,0.6111998368955792,0.7392711736617241,0.8450304029095868,0.4136742603990952,0.10511867594644499,0.09014897790222387,0.7233705084904775,0.011268599588853572,0.11095693966020237,0.3953260257213368,0.3788038616881978,0.3668753336171447,0.36047022165218867,0.25905933008244275,0.548145201582877,0.026796958729219368,0.5005056739000598,0.12218540665765318,0.3459289574253301,0.41129824415639465,0.399204061946531,0.3830360710831209,0.1729335361406325,0.25120079486142893,0.26051414873800527,0.8904197176190309,0.8582337498687387,0.8543485405994725,0.8552585269085557,0.8402662885054755,0.10958028238096862,0.19296098276517754,0.01,0.21354552444641928,0.40735583880780846,0.599026190711089,0.5926441611921911,0.8357857008111677,0.7654364065555442,0.9538163125371212,0.7716562294402886,0.8853562041776178,0.30505149583128977,0.767500845451471,0.800780234070221,0.23619011261691158,0.22839969947407968,0.9394127377998346,0.9018660667019586,0.01,0.01,0.7168838249042658,0.2821368948247079,0.7171791437999459,0.4121704769197112,0.8780035976809923,0.7983014463792776,0.863327896115005,0.838402887468446,0.01,0.8780035976809923,0.01,0.007819115162082798,0.50332395540273,0.01,0.01,0.01,0.01,0.01,1.0,0.01,0.01,0.01,0.01,0.01,0.01,0.6956130722656941,0.01,0.01,0.01,0.01,0.01,0.01,0.01,0.7182371715068244,0.7319015504068885,0.0545619018901462,0.7894246330710419,0.7894246330710419,0.4880355970168523,0.8503735227078092,0.8537689152877951,0.31503204000795265
2012Q1,0.9016876870594754,0.5248806420222031,0.8514826309200916,0.6314517603436711,0.7245488434482866,0.5407393376898065,0.5308741854061534,0.39863026173164956,0.6127415936323408,0.5304961917522915,0.48341597253247387,0.4810453310453311,0.45410565131295216,0.8280256518567529,0.515012865062323,0.515012865062323,0.01,0.01,0.6127415936323408,0.48711257353560433,0.4824869238238011,0.47780121803907116,0.5328887443280828,0.6007248408356182,1.0,1.0,1.0,0.11754191500232596,0.01,0.5208467837847021,0.7648755968836392,0.9999999999999998,0.48444768499115,0.1219415055057159,0.10492882345597791,0.9999999999999999,0.020272078210524066,0.11782204492313278,0.4210555081414463,0.40811236993238786,0.39555921177220965,0.38964757850830634,0.04388353059481717,0.548145201582877,0.6514049819392973,0.6736213418275931,0.13537176934114256,0.37879083010191,0.4532407712622886,0.44068986857164466,0.42137802975211275,0.01,0.2115993647084775,0.9999999999999999,0.8896839855656378,0.8642822639924392,0.8634712969866044,0.8642933704485827,0.8501798891777621,0.11031601443436134,0.19612639935061826,0.01,0.19689755147821297,0.41085359627693485,0.599026190711089,0.5891464037230656,0.8384738728541784,0.6806520958956193,0.8589665457937846,0.8008479738785058,0.8791229768986027,0.3433872813470655,0.8526208995603651,0.8064597757705689,0.2659286123305974,0.24477836213373394,0.9038461538461537,0.8677210164107992,0.01,0.01,0.6959635060308759,0.28130217028380633,0.6962828996315067,0.4371017693064975,0.8652309829802014,0.49394969130382144,0.8745549557173828,0.8503823386132475,0.01,0.8652309829802014,0.01,0.008847020573967676,0.1695875549344464,0.01,0.01,0.01,0.01,0.01,1.0,0.01,0.01,0.01,0.01,0.01,0.01,0.8892716779378961,0.01,0.01,0.01,0.01,0.01,0.01,0.01,1.0,0.9441306024935918,0.5918807827204774,0.9366315084547129,0.9366315084547129,0.514886175620732,0.8524091226498374,0.8628967412166394,0.4795601572177956
2012Q2,0.8122257760846467,0.6358894589216632,0.9850237325266011,0.6387911327893678,0.7636984698891021,0.6482242636613316,0.539137292497763,0.4127616061919438,0.5591292754253636,0.6424831978618368,0.49446396752863425,0.5953310453310454,0.5257403188551621,0.730171969756919,0.5673573473178457,0.5673573473178457,0.01,0.01,0.5591292754253636,0.5251848020873942,0.5184971561533904,0.5141739915641579,0.4747235361443902,0.5412662365830555,0.8457188090945074,0.8445572154760981,0.8685384935046163,0.09450872729752945,0.01,0.6646844948859968,0.6812130351009467,0.8580818700157222,0.3897777300547621,0.09648493062816078,0.08383778931865508,0.823338845107421,0.01686369471759492,0.13772082308653127,0.49258903458800873,0.46475906871253436,0.46157083995517606,0.4541096063126053,0.26826406236282807,0.3917598237841932,0.7974964004893169,0.6870980157940143,0.15617574309545298,0.43339420627163183,0.5179219351457414,0.5041799702721932,0.4809935257030295,1.0,0.2580013056965146,0.2657461761671874,0.9573100234733563,0.9999999999999999,1.0,1.0000000000000002,0.9841185430289662,0.04268997652664375,0.15926151997520077,0.01,0.011082188785191516,0.4041070170331085,0.599026190711089,0.5958929829668915,0.8115921524240709,0.7222774558121411,0.8850295748360413,0.8161992251273179,0.8093180246230459,0.3234156176775107,0.8274264457220155,0.8760552490071345,0.15733918686772286,0.18392186326070614,0.905362558588365,0.8691768131286394,0.01,0.01,0.8327381643104397,0.27083017149795113,0.8331298304580348,0.2917475661780792,0.9778886639161632,0.5375831842850541,0.9873851984812188,0.9601238540913185,0.01,0.9778886639161632,0.01,0.008146575635850585,0.7133187454412836,0.01,0.01,0.01,0.01,0.01,1.0,0.01,0.01,0.01,0.01,0.01,0.01,0.7660340615373721,0.01,0.01,0.01,0.01,0.01,0.01,0.01,0.9333167341949795,0.8925665082248713,0.46848962879497236,0.9857134884759193,0.9857134884759193,0.6296645990676548,0.9918773633381205,0.9999999999999999,0.3841130499946473
2012Q3,0.7659185205166741,0.5806132150417925,0.8861881911120384,0.6526442976454802,0.7947686116700201,0.7864949332323137,0.41139737723080194,0.3708288418422511,0.5375548714316607,0.5857699839708845,0.5141770566394303,0.5412126412126412,0.5116932421641928,0.6511150916526003,0.5999428219144035,0.5999428219144035,0.01,0.01,0.5375548714316607,0.5445024085048291,0.5393467758570628,0.5351853644371309,0.37409222594483393,0.4437341125572327,0.679308676722811,0.677955277080151,0.6932083039731151,0.07531304281413637,0.01,0.8517108974141152,0.5465460333417107,0.6739785190657497,0.3060290332971946,0.07561412695852911,0.06575453570008968,0.6636645088657472,0.014734205262131457,0.10741287877150749,0.3773864128446924,0.36822048519946593,0.3565035963738815,0.3514328603362286,0.20086079098795678,0.3724864971965897,0.9873232270380087,0.5154157541973589,0.1144939240358483,0.32677075655364696,0.3909314577683293,0.3795807908692569,0.36442144354935496,0.1367667690544638,0.19145550713372023,0.3030902357751935,0.9008951406649617,0.8963477895621127,0.8970924220196724,0.8982570231010432,0.8855537172719872,0.09910485933503832,0.1870376110931793,0.01,0.1467561142502416,0.415950449139062,0.599026190711089,0.5840495508609378,0.8083380494246368,0.6125629372741453,0.9318751143049988,0.8214381442042935,0.7102337806058928,0.3818320527491689,0.7856611430503888,0.9983200365515059,0.01,0.15311795642374149,0.9041907912875655,0.8680518793012175,0.01,0.01,0.773715715746399,0.28092275003794204,0.773995833661564,0.3226112994968279,0.8766311699240646,0.5028465521680343,0.8845967472239473,0.8616199937999145,0.01,0.8766311699240646,0.01,0.010144043439199984,0.6371446959527792,0.01,0.01,0.01,0.01,0.01,1.0,0.01,0.01,0.01,0.01,0.01,0.01,0.6394540240059484,0.01,0.01,0.01,0.01,0.01,0.01,0.01,0.9306231467439281,0.9166314112933329,0.3791877608671502,1.0,1.0,0.5723115718629799,0.8882528096549362,0.8972099319150655,0.3534035817517243
2012Q4,0.7438998654915063,0.5171775740636005,0.7859573857709159,0.6611442516538416,0.8161527303355014,0.8044069829844998,0.35553838958383116,0.39415366853999484,0.5812027831146394,0.5304677587316029,0.5329273575152668,0.4883705133705134,0.6457533354643403,0.4844826092878963,0.4339683638677228,0.4339683638677228,0.01,0.01,0.5812027831146394,0.5188141685468294,0.5149142641670073,0.5105090013697304,0.34142172122516246,0.4158675386415169,0.6665288711025111,0.6657604708765935,0.6236110358285002,0.06942670658824482,0.01,0.9297971388766182,0.5056111250733015,0.6077740523952946,0.28080934385856743,0.06956680878667684,0.060765437923193506,0.6133754339056197,0.01371763177594436,0.09952742973467087,0.34799427807464145,0.3348823577798966,0.32396730817108876,0.32241199351493427,0.19805550124103144,0.34095278140356566,1.0,0.47337182294777364,0.11355697683644095,0.3235920775381361,0.38044973943963645,0.36869866242738175,0.3566020178343229,0.17053024777555312,0.24498769413819388,0.2709448076766087,0.7609221175069196,0.8091861808253701,0.8096927282492805,0.8105682472643503,0.784080464297907,0.23907788249308037,0.1903036946371675,0.01,0.18783992550737505,0.35716787126227256,0.599026190711089,0.6428321287377274,0.8279098283342765,0.5136806772056621,0.9126825975814701,0.819878652013938,0.8068640199197675,0.45586071603727313,0.8022658099425092,0.8787192914631146,0.19300439015079207,0.16604057099924852,0.924317617866005,0.887374272101641,0.01,0.01,0.7009084081947222,0.2747002580057672,0.7013201428458894,0.3921854490264712,0.8037738939390089,0.5002651325918713,0.8124500924782112,0.7767120355471576,0.01,0.8037738939390089,0.01,0.021115955164402275,0.5165697613837658,0.01,0.01,0.01,0.01,0.01,1.0,0.01,0.01,0.01,0.01,0.01,0.01,0.5772580816485501,0.01,0.01,0.01,0.01,0.01,0.01,0.01,0.6598836551302655,0.6496777244108205,0.1840948405833902,0.679273396952955,0.679273396952955,0.5089583675329598,0.7871249950592235,0.8086187041638887,0.5377521525685534
2013Q1,0.6757519538597331,0.6065339636762895,0.9019403296474025,0.6644022834574473,0.7686272674808541,0.21441424377308457,0.7982559688645279,0.4367951040488234,0.55640786677934,0.5932336519016359,0.552062773685087,0.5543472043472044,0.3958672306536357,0.47992014546648243,0.4745515320405283,0.4745515320405283,0.01,0.01,0.55640786677934,0.5363720326711455,0.5417905525694473,0.5374713424021067,0.3772795926826664,0.44818562849522703,0.6940058929592331,0.6927996271651607,0.6508211827199306,0.07116881705981744,0.01,0.9053314757552073,0.5422568484543856,0.6350703718436853,0.2916024426486735,0.07219020042364205,0.06233414030973495,0.5381426494042594,0.008716837438558769,0.1053514455014198,0.3698548392521557,0.3755510396872738,0.36301080351421006,0.3635263508946632,1.0,0.9091093065359468,0.227081311051851,0.5833008162452719,0.14308105093507423,0.39962174320599925,0.5015938268672641,0.4877239525057932,0.46882664840401866,0.16391633870860156,0.312192082291045,0.2409033225229504,0.8383141225519393,0.8873884280163813,0.8859334792333037,0.8854626607794204,0.899806980225321,0.1616858774480603,0.17374318101197456,0.01,0.11599263538822924,0.5211489859034888,0.599026190711089,0.478851014096511,0.8154121863799283,0.543410877503426,0.8805991577620466,0.830356490167889,0.8289694286899985,0.43076671571031544,0.8316198850185998,0.8552771236776437,0.22432716167207478,0.18001502629601807,0.9017783291976841,0.86573583906829,0.01,0.01,0.7679278703312439,0.26066170890878737,0.7685034442314596,0.3432372566178079,0.8957802082362609,0.7774523059715361,0.8776762375359162,0.8812425266825114,0.01,0.8957802082362609,0.01,0.022343623791275732,0.8389820348270598,0.01,0.01,0.01,0.01,0.01,1.0,0.01,0.01,0.01,0.01,0.01,0.01,0.6147505576603052,0.01,0.01,0.01,0.01,0.01,0.01,0.01,0.7130537133027004,0.7121668367219969,0.19853676342225957,0.7234388079691948,0.7234388079691948,0.5990334685803251,0.9045573722973953,0.8842838959936965,0.45570220380197907
2013Q2,0.7632301856877823,0.6720214178309345,0.9161016065094929,0.6738220721681164,0.7927565392354124,0.2259809956750955,0.8365468256153674,0.42552251772566174,0.5115724542682101,0.6871976770222097,0.567972849267793,0.6512262262262263,0.4733159778146563,0.4918253957177642,0.4491048735200238,0.4491048735200238,0.01,0.01,0.5115724542682101,0.5694148794396201,0.5761532064058483,0.5721349363466518,0.4359677521748193,0.5007613255727733,0.729733057742205,0.7277356324815094,0.6955029179539993,0.077795412394776,0.01,0.8223521016684222,0.5974298399932981,0.6793582239396866,0.3170109074031097,0.0785821581101723,0.06819403736088847,0.6001383807111361,0.009579725742815128,0.09964723628081065,0.34931229688426235,0.33714549413664285,0.3259938824021344,0.32839841720094953,0.18779529365757108,1.0000000000000002,0.23666918061063577,0.807403278253368,0.1478845630794409,0.41156632563132933,0.47027992289905807,0.45761315671366865,0.4390632391253697,0.19538850318809137,0.26085774924813826,0.2752269067214854,0.899108362821007,0.935482516013861,0.942377528197975,0.9419354322646702,0.9141193308647811,0.10089163717899297,0.17649634243383944,0.01,0.06561840870773605,0.36128163909387423,0.599026190711089,0.638718360906126,0.7982456140350876,0.5508651617388751,0.9083993249228685,0.8410779989765832,0.7699792502420805,0.42490872432020044,0.8060534325329725,0.9208308438477488,0.12605459057071966,0.14305033809166035,0.8996415770609318,0.863684489147697,0.01,0.01,0.7978457873637333,0.26149643344968887,0.7983910143633645,0.29530429610588493,0.8937582776314043,0.7803593868020234,0.9186623987915268,0.8807922823696137,0.01,0.8937582776314043,0.01,0.023484818748915826,0.798238665269171,0.01,0.01,0.01,0.01,0.01,1.0,0.01,0.01,0.01,0.01,0.01,0.01,0.6525900223064122,0.01,0.01,0.01,0.01,0.01,0.01,0.01,0.6853256071889359,0.6768533957146057,0.24011680500230126,0.650119984374128,0.650119984374128,0.6650280362025383,0.9169093136931976,0.9413378588601328,0.5542753146649946
2013Q3,0.7600262043831785,0.6444129834608043,0.8701687356561651,0.7152782272822436,0.7933648402040148,0.37944881144047726,0.7183386099876055,0.31975824775895867,0.47258242309182696,0.6558182845647793,0.5925480189651345,0.6233125983125983,0.6132443865509539,0.5073405074541205,0.5115677047525549,0.5115677047525549,0.01,0.01,0.47258242309182696,0.6103474179325916,0.6152115903336807,0.6115892718152443,0.538260402930543,0.5953359611299385,0.8044065262324641,0.8013187306354591,0.7880824615606989,0.08861912372108753,0.01,0.7134459206904753,0.6691362989025719,0.77465855922411,0.36250402662944264,0.08980124338399038,0.07819444327435844,0.7164485411389435,0.011991107952776709,0.1051343933821146,0.36848295404381626,0.3568124568984918,0.34561347426937533,0.34576386667345693,0.181769706861188,0.7067047412195857,0.3850881023090997,0.511442033313425,0.12054464389375434,0.3414849157960518,0.40972232883858806,0.3986245156425384,0.3803898698786333,0.1322038235226578,0.23770295407556832,0.45091170860946805,0.8541586378446553,0.8850992334348419,0.8886791242795188,0.8904380239329367,0.8699545681346674,0.1458413621553447,0.18197869695410546,0.01,0.12392158522562946,0.38610770055145593,0.599026190711089,0.6138922994485443,0.7956046029051123,0.49902723343673344,0.9199004183786355,0.8419308462681838,0.7090413611841194,0.4693204729987466,0.7959418329387892,0.9999999999999998,0.03126550868486355,0.1349361382419233,0.8921974083264406,0.8565378507146637,0.01,0.01,0.759002524450828,0.2859310972833511,0.759219993172807,0.3248964258367972,0.8424532004958812,0.7107821155705295,0.8666744016216104,0.8364505986035046,0.01,0.8424532004958812,0.01,0.020296797244828926,0.5221227221742087,0.01,0.01,0.01,0.01,0.01,1.0,0.01,0.01,0.01,0.01,0.01,0.01,0.74508373756329,0.01,0.01,0.01,0.01,0.01,0.01,0.01,0.7582788202539668,0.7546972600353384,0.282458618336481,0.7151961605000279,0.7151961605000279,0.6459111637915306,0.881829800129119,0.8893104632603995,0.7132916328933885
2013Q4,0.8095099156431725,0.6238224341369222,0.8295170039641142,0.7338816002368163,0.814748958869496,0.4356220601698393,0.6677468613593885,0.4086592102159153,0.4371441677718009,0.6258747596521219,0.599407885139221,0.5942120692120693,0.6862024080362514,0.4936394422721325,0.5634320841357778,0.5634320841357778,0.01,0.01,0.4371441677718009,0.6405561884949689,0.6459768997407758,0.6426342846307761,0.6993794701473636,0.7462460119654734,0.9520295527507806,0.9476909268225324,0.9349196885106691,0.10391788004494242,0.01,0.598219443406164,0.8175655524838737,0.9276202382981946,0.433092139672951,0.10691797688269755,0.09252127407813604,0.8742817102917722,0.014492011299138975,0.11141913706439387,0.393387886419151,0.3949769185441636,0.38210797050180567,0.3780898129190064,0.21380881930422427,0.6731517431258343,0.4357807600290126,0.5338934235848432,0.12005080966709873,0.34125382563132933,0.41316556081663425,0.4003717911643907,0.3836729103271037,0.19980120219093117,0.23977489017009782,0.31912769857584955,0.8147531794135165,0.827734957471385,0.8368766183272809,0.8368968771997186,0.8272144751700412,0.18524682058648256,0.19426645744983434,0.01,0.183346383651126,0.42965035083055936,0.599026190711089,0.5703496491694409,0.8196566685531032,0.37310791395877974,0.894918632712646,0.8536514047613246,0.8520320929589154,0.6286305923382922,0.818261751775448,0.8321161213228833,0.3213113189539988,0.1453042824943651,0.9036393713813068,0.8675224986765483,0.01,0.01,0.7383241412378787,0.26453179541660343,0.738859858729617,0.34866891817982937,0.8283872279500842,0.7229935600913214,0.8327930239806351,0.8134364712655556,0.01,0.8283872279500842,0.01,0.011345717922233572,0.5403848016230562,0.01,0.01,0.01,0.01,0.01,1.0,0.01,0.01,0.01,0.01,0.01,0.01,0.8569202988351096,0.01,0.01,0.01,0.01,0.01,0.01,0.01,0.7547477308223364,0.749720030858821,0.2928218882417356,0.7550644567219154,0.7550644567219154,0.6235032549424825,0.8376263191873411,0.835218296058347,0.3968525853762981
2014Q1,0.8769403263069618,0.6428556374471901,0.8123826413519715,0.7091096567847928,0.8732862290019185,0.2797802822236954,0.781495019210753,0.33679945165116865,0.3560262512115977,0.6502027629787854,0.6198912048379848,0.6217252967252967,0.5123115304818647,0.34618662799984556,0.6798027476803649,0.6798027476803649,0.01,0.01,0.3560262512115977,0.6850057131232179,0.6863136679380437,0.6834026596372402,0.7599215053353015,0.7978683252965344,0.955407009982849,0.9501678619820662,0.9508916472437531,0.10935842713011858,0.01,0.5650208977539161,0.9046963223590518,0.9399329431153036,0.4496195051662088,0.11098697001708702,0.09706693053595129,0.847367834693686,0.013860494397227844,0.102284622665566,0.3596809217302833,0.3385544898773214,0.32830224791673934,0.32246217910272124,0.2946043064988547,0.5383754891032264,0.28159901270564125,0.6672745371292057,0.13167563246262623,0.36978256994295605,0.43838622659043275,0.42668396768240147,0.40753193021597456,0.2272713852533141,0.3138572971508017,0.0973639487335525,0.7550450197946956,0.8124918618082535,0.8252046207001595,0.8264502143725604,0.8111426245437118,0.24495498020530437,0.19438789695538378,0.01,0.15580668599524516,0.40607740634321887,0.599026190711089,0.5939225936567809,0.8223448405961139,0.5012790583363833,0.8598797943314254,0.8869611832646994,0.8619587771475999,0.467222494686938,0.8517416300304361,0.8225283801356623,0.28723038747852636,0.10202854996243416,0.9021229666390956,0.8660667019587082,0.01,0.01,0.7608219681958608,0.27811504021854605,0.7611499881837042,0.30394744038503607,0.8125337106097702,0.8215802584488634,0.8243573731183016,0.7995674702174459,0.01,0.8125337106097702,0.01,0.007984201257891954,0.930790136623577,0.01,0.01,0.01,0.01,0.01,1.0,0.01,0.01,0.01,0.01,0.01,0.01,0.8492157348723577,0.01,0.01,0.01,0.01,0.01,0.01,0.01,0.7854410466511238,0.7899360426050818,0.170160765580613,0.8713655895976339,0.8713655895976339,0.6404667623544222,0.815695858970474,0.8246641210578418,0.8046400660681787
2014Q2,0.9530926860777285,0.7997106547307296,0.896737429584811,0.7316615053689008,0.9121862960709995,0.3527922467405373,0.8440047586411583,0.2261279003927174,0.30041057746297317,0.8048179753556792,0.6500986857098394,0.7817353067353068,0.6032107603431186,0.2977771092713377,0.7847667459976522,0.7847667459976522,0.01,0.01,0.30041057746297317,0.7299782468191804,0.7316588645372526,0.7291633241089791,0.7977952947178286,0.8297969855242026,0.9347728572056819,0.9288765761333921,0.9276022187291091,0.10685032716389481,0.01,0.5799041761527745,0.9119008125994807,0.9145877138148546,0.44271968077920903,0.10888216843848583,0.09471052625532568,0.8271707008162116,0.013923694294816049,0.10943627821742383,0.3839299978558546,0.3821291123300966,0.37135041150112447,0.36290335739110097,0.25279456539956424,0.5503896440442718,0.3485300644844671,0.9069161855464862,0.15799938157296847,0.4364356833258557,0.5240621347135161,0.5113105340730639,0.48841136143804226,0.1663272815547782,0.26595934751449063,0.3406272495862616,0.857127842202992,0.8868927858868002,0.9103316418556552,0.9083437320023038,0.8973975156910633,0.14287215779700801,0.021939005410449547,0.01,0.08820603982815878,0.40603943310169655,0.6359415714426646,0.5939605668983037,0.8320599886813809,0.4878751807725517,0.9149731655052982,0.9236579838690027,0.807464379582238,0.48011007574519093,0.8002367264119039,0.878065581836713,0.20182286695934326,0.07828700225394425,0.8957816377171216,0.8654711487559555,0.01,0.01,0.8687559252342179,0.29731370465928064,0.8687450218382657,0.1887562212863706,0.9006317121177464,0.8312921249652598,0.9140578256131657,0.892561373466586,0.01,0.9006317121177464,0.01,0.008037805619846246,0.7940152866398199,0.01,0.01,0.01,0.01,0.01,1.0,0.01,0.01,0.01,0.01,0.01,0.01,0.8646354848989131,0.01,0.01,0.01,0.01,0.01,0.01,0.01,0.8337445392607347,0.8473981534479755,0.1668438844011363,0.9456498688542887,0.9456498688542887,0.794201240128431,0.8940104612708996,0.9118047558437885,0.9179347576735437
2014Q3,0.9999999999999998,0.9205098120441844,0.9999999999999998,0.7531356710733917,0.9350989658883534,0.24169586766423587,1.0,0.30752467763366986,0.22354482247604934,0.9028905719657525,0.6730130457018758,0.8837873587873588,0.6243627291055822,0.17627245337598285,0.7344898424434401,0.7344898424434401,0.01,0.01,0.22354482247604934,0.7885794140957132,0.788576526342205,0.7866270289048919,0.9159405801811072,0.9366413930697434,0.9757948898368443,0.9687146691522325,0.9767828427918406,0.10633694470866875,0.01,0.5830303442182879,1.0000000000000002,0.964027959311246,0.4517410626145208,0.10982041418349246,0.09430001753852539,0.8411524298714701,0.012945276963427628,0.129659986255959,0.45711630307285467,0.46529607535061934,0.45053148967093554,0.44177013220812134,0.3269788665512095,0.7985132169417646,0.22976966740160434,0.5648762359811534,0.1419312140690521,0.3949633861043456,0.48296310612156557,0.46924041611782,0.4488612438840133,0.17576132015741985,0.27570568401407114,0.3315250061225853,0.9257611323266652,0.9714207707655149,0.9907209222160762,0.9885574646445255,1.0,0.07423886767333432,0.01288696858232162,0.01,0.0020034001368518517,0.485825432789472,0.6209862285492092,0.5141745672105278,0.8374363327674024,0.54867540060145,0.9205026977469033,0.9490240990277541,0.7647973440309862,0.42662525202986207,0.7954007439972944,0.9270727164095174,0.11517465165107843,0.060706235912847406,0.8853046594982079,0.8531630492323979,0.01,0.01,0.9896580715647874,0.27735619972681747,0.9898653379898295,0.06013967129730913,1.0,0.9668217678120509,1.0,1.0000000000000002,0.01,1.0,0.01,0.00682572252284095,0.8039710939080227,0.01,0.01,0.01,0.01,0.01,1.0,0.01,0.01,0.01,0.01,0.01,0.01,0.9314732854158553,0.01,0.01,0.01,0.01,0.01,0.01,0.01,0.7441997329047737,0.7568623547271234,0.10258526289060643,0.8193760812545343,0.8193760812545343,0.9171246450005615,1.0,0.9913651332403983,0.945340816981969
2014Q4,0.9195334592171347,0.8643348937684281,0.9517851554350092,0.861017518874906,0.9109384992123282,0.7380686302364492,0.6408070099567804,0.2774668561193939,0.20865058387428992,0.8433589348990449,0.7160737495104399,0.8303017303017304,1.0,0.34249472420829197,0.740421163607001,0.740421163607001,0.01,0.01,0.20865058387428992,0.8379675434557158,0.8389038741744043,0.8374078282811541,0.9428115039539439,0.9611360964907573,0.941888385593034,0.934417316106983,0.9468444540806187,0.0988818717997833,0.01,0.6322335111624587,0.8975454469297145,0.9348563202060955,0.42642958334343595,0.10303634297973657,0.08775140786874748,0.8729741298433249,0.014781472614980608,0.12788406598868496,0.44884058488924017,0.4519751549067559,0.43888285411140054,0.4298197818237195,0.1722188026241231,0.5035969663373965,0.6639157624286863,0.44326763554316817,0.11848322045527677,0.3363313297173439,0.4037218092531366,0.39200827685040107,0.375317466481216,0.09940284112468382,0.22469139765341947,0.7541466600369582,0.7875223347230498,0.9249648220098707,0.9277514569955829,0.9362481602354901,0.9519617111793902,0.21247766527694978,0.5054967355143443,0.01,0.0014813874251369263,0.5452830905155497,0.5403190705286303,0.45471690948444987,0.8494623655913978,0.3306825947864071,0.9763305995449842,0.9646677550622579,0.9999999999999999,0.7096343523513705,0.7497463645586742,0.7089164587214001,0.49762359228860475,0.07663410969196083,0.8737937689550593,0.8303335097935414,0.01,0.01,0.9219226550304008,0.28137805433297924,0.9221109156316468,0.13724260282213963,0.9526653620131199,0.7990840564093034,0.9571779244385901,0.9624156714545107,0.01,0.9526653620131199,0.01,0.005159002123987245,0.34942267497808743,0.01,0.01,0.01,0.01,0.01,1.0,0.01,0.01,0.01,0.01,0.01,0.01,1.0000000000000002,0.01,0.01,0.01,0.01,0.01,0.01,0.01,0.7895380157993617,0.800587313042829,0.284029772579391,0.7779786818460852,0.7779786818460852,0.8646384076174626,0.9554473708481008,0.9283067660666303,0.7672320185969688
2015Q1,0.8041974724147485,0.8714528868287724,0.9461193407051949,0.8093614189507451,0.9999999999999999,0.5885974050572971,0.7421254169877208,0.2035242407175995,0.10299140418437569,0.868646552673948,0.737567996855911,0.858930358930359,0.6439201648382601,0.16608553365484413,0.853538466733015,0.853538466733015,0.01,0.01,0.10299140418437569,0.8887548053535507,0.887502184289669,0.8864781221035772,0.892261686406811,0.9050336012507305,0.8460530366330975,0.8388093450362049,0.8631181455182756,0.08652291413361912,0.01,0.7324068096095687,0.8990969255256765,0.842189009490254,0.371617198297212,0.08933012732817401,0.07590620182170901,0.7525301388497982,0.011696560756541822,0.12629503010290744,0.44312706794418494,0.440256718144461,0.42720619092419976,0.41940837372490286,0.2733429137503093,0.5245990752602627,0.54894432395957,0.526269825469507,0.13010304092530459,0.36589009021279323,0.4290451277725649,0.41724742904503814,0.3993552532177326,0.3477583852106677,0.34761724739432387,0.01,0.8608152611848792,0.940569148377612,0.9518650345109546,0.949786427337301,0.9473069145723365,0.13918473881512128,0.0005225094515088902,0.01,0.018079980812505614,0.4353125830664655,0.6349085675485888,0.5646874169335343,0.8285700811167703,0.5343573854100414,0.921941376950036,0.9926655132922342,0.936915202655969,0.4381232630374366,0.7941832938789313,0.7566864653990791,0.350200419927467,0.013974455296769328,0.8793768955059278,0.8494573848597141,0.01,0.01,0.986310382652447,0.2879799666110184,0.9863664014564681,0.025338068803325342,0.9338636665282943,0.9999999999999999,0.9528554496170059,0.9392945188290696,0.01,0.9338636665282943,0.01,0.005309461378057211,0.9999999999999999,0.01,0.01,0.01,0.01,0.01,1.0,0.01,0.01,0.01,0.01,0.01,0.01,0.8761640052402366,0.01,0.01,0.01,0.01,0.01,0.01,0.01,0.8020326399420539,0.8165144464076849,0.1649553252606688,0.8639712037502092,0.8639712037502092,0.8756000920413485,0.9532734291624396,0.9538073014526132,0.8237264288008319
2015Q2,0.6871035164887593,0.9719543395831671,0.973770342165658,0.8763560464354855,0.9767753809679784,0.835691511191085,0.6530593299526156,0.07889808361760753,0.06615427036487476,0.9739020411354726,0.7808212583114671,0.9712283712283712,0.5969410998586551,0.31168783812543865,0.8784374702182832,0.8784374702182832,0.01,0.01,0.06615427036487476,0.9376311686751616,0.9382775578524722,0.9377017965612208,0.8188534285290399,0.8323041757897428,0.7441312282862044,0.7373671991645739,0.7741883028890455,0.0756256874199244,0.01,0.8479051275952292,0.7635821395660553,0.7485366823890434,0.3225442756050335,0.07740001920703919,0.06577329962464493,0.7133379069331082,0.01102428450038902,0.11306167962553972,0.3941819559651387,0.3872456784675341,0.3754651702438505,0.37039262929463784,0.15531922641042625,0.4664587489544876,0.7524114015177485,0.7435954608799523,0.14187316382662546,0.39403351733752084,0.468602860007845,0.45644006684140415,0.4379016782337948,0.08929805127846235,0.23313872498634236,0.52976689648007,0.9105034509336791,0.970731912212538,0.9848769069206288,0.9827262110449864,0.9764502744294756,0.08949654906632087,0.0016618037601505986,0.01,0.01,0.4167900797016144,0.6434801785123572,0.5832099202983854,0.8192322203357857,0.457822817434232,0.927240363083313,1.0,0.8672707151749895,0.5118249686665577,0.7896178559350692,0.8174814606544125,0.2921740790227142,0.013673929376408656,0.8680727874276262,0.8398623610375858,0.01,0.01,0.9971843505943297,0.30361208074062834,0.9970076324519254,0.014320922664624813,0.9437106944879801,0.9209683221966277,0.9773729818023809,0.9596551571426463,0.01,0.9437106944879801,0.01,0.007938321183148245,0.7032896309508485,0.01,0.01,0.01,0.01,0.01,1.0,0.01,0.01,0.01,0.01,0.01,0.01,0.8419466770527211,0.01,0.01,0.01,0.01,0.01,0.01,0.01,0.8555874963217818,0.8603140631610383,0.3016140039040802,0.8593169261677549,0.8593169261677549,0.9666841343019428,0.9697690351651538,0.9884235408206556,1.0
2015Q3,0.6535149289747443,1.0,0.98767082203213,0.9273830248472038,0.9625348993183909,1.0,0.5667408502754773,0.13278208343891273,0.01,1.0,0.7977904009526285,1.0,0.7315869399860708,0.4040355698793505,1.0000000000000002,1.0000000000000002,0.01,0.01,0.01,1.0000000000000002,1.0000000000000002,1.0,1.0,0.9999999999999999,0.8313294340120498,0.8232659296274241,0.8958570473557737,0.08770120242584442,0.01,0.7216351218186142,0.8669984083102958,0.8735769354624839,0.3746618497209935,0.09001360800607378,0.07697708580168293,0.8593735341026362,0.01368658621221682,0.10284847410890641,0.3592833614314483,0.34453502623210175,0.33410522934931974,0.3295012640340411,0.18353348789695048,0.4364371253107549,0.8736616856896446,0.5208945517287147,0.12947984423456393,0.3646322386553006,0.4364123437367827,0.42372994929118746,0.40529833306268837,0.20533014323721127,0.19535286084578385,0.43867395934603365,0.9618207616578496,0.9842066575658929,0.9971140665207667,0.9949366481090421,0.9896268284356207,0.03817923834214998,0.01,0.01,0.019794157690164127,0.42256623166208884,0.6365509276723174,0.5774337683379114,0.7963591775136767,0.5026432766823841,0.9140491938928516,0.9954189916908307,0.8559330474477798,0.46594191052258727,0.8010483598241459,0.8283203880082943,0.2646211108990265,0.01,0.8572511717673008,0.8283483324510322,0.01,0.01,1.0,0.2913188647746244,1.0,0.01,0.9273121595404908,0.8524907970857579,0.96825028494209,0.9513108752454201,0.01,0.9273121595404908,0.01,0.008635561363805626,0.6789008820158259,0.01,0.01,0.01,0.01,0.01,1.0,0.01,0.01,0.01,0.01,0.01,0.01,0.9950465602096095,0.01,0.01,0.01,0.01,0.01,0.01,0.01,0.9923493062314673,0.9999999999999999,0.38758312040754794,0.9557341369496066,0.9557341369496066,1.0,0.9884517582576846,0.999927268319292,0.6323428204383135
2015Q4,0.3049525917199287,0.5500431802143196,0.652481483413311,0.9559819349001862,0.8760157846302622,0.5592006818827541,0.536551781330983,0.04295295379257241,0.18847190348944487,0.5562031965823508,0.8217397582972463,0.5571535821535822,0.819806920470746,0.4143136477187993,0.645008558613504,0.645008558613504,0.01,0.01,0.18847190348944487,0.8861064473355109,0.887611234540813,0.8865590064747276,0.622270864517907,0.6541068510784306,0.6237565416245218,0.6184397897625767,0.6048024283158979,0.06486773152343896,0.01,0.9999999999999998,0.5500209432855827,0.5799662821314238,0.2658181591462506,0.06504771862049971,0.056100496516419955,0.5929290974763112,0.00858467685942981,0.060950499842246084,0.21333826626922897,0.20180145550527512,0.1957848467999772,0.19641897400880992,0.11522962074717275,0.2505917638571056,0.43677671486462594,0.01,0.07208700044509064,0.22337731140238432,0.26448464859797727,0.2554953408467868,0.2481317734772693,0.05712254933586439,0.22888031973221384,0.3370464648563604,0.544608135094419,0.6659708075186389,0.6402002517175313,0.6639750111985667,0.6546915622784211,0.4553918649055806,0.8079945543969091,0.01,0.31191670370135216,0.5522068782198142,0.36227678700968546,0.4477931217801856,0.8036219581211091,0.2916177203885381,1.0,0.9413728404688223,0.9079928067505878,0.8050514958312899,0.7319242475481906,0.7808034302182546,0.4284119106699752,0.06311044327573234,0.8675213675213674,0.7985706723133933,0.01,0.01,0.6115148237591767,0.3102139930186675,0.6114659646911571,0.42472927149420253,0.6269481555531082,0.8219673008820133,0.6523160502590071,0.6353537739330687,0.01,0.6269481555531082,0.01,0.02625750916444221,0.3049264169562792,0.01,0.01,0.01,0.01,0.01,1.0,0.01,0.01,0.01,0.01,0.01,0.01,0.6488510427362533,0.01,0.01,0.01,0.01,0.01,0.01,0.01,0.6564431064532922,0.6211084289376104,0.38823380044754097,0.607126513756348,0.607126513756348,0.5677783365615626,0.6744818772315841,0.6423540820655798,0.8933885940630399
2016Q1,0.01,0.01,0.01,0.9468278762146283,0.8550527974045825,0.7955046248066421,0.01,0.01,0.5542240514944134,0.01,0.8373369277035905,0.01,0.6825143724571553,0.32530230309503216,0.12397872588326236,0.12397872588326236,0.01,0.01,0.5542240514944134,0.6413748475929981,0.6768420623898823,0.6733517820418132,0.5709630995857565,0.6326270917338664,0.8030696160781037,0.7994027738221614,0.5971958733083997,0.08802712064324332,0.01,0.7187128342791124,0.5370964228868226,0.5945899869295901,0.3507358773549287,0.09218835219911539,0.07947690007712356,0.7802473262032086,0.016031635043779184,0.01,0.01,0.01,0.01,0.01,0.01,0.01,0.6516756218402792,0.04466653394385828,0.01,0.01,0.01,0.01,0.01,0.08892473130037604,0.01,0.18708394249964747,0.01,0.01,0.01,0.01,0.01,1.0,0.026739061656115296,0.01,0.9999999999999998,0.3427380394837325,0.3342870241943432,0.6572619605162675,0.8221090360309375,0.4453688470708629,0.9000251992257942,0.8740953726942664,0.9015299488172636,0.5262111056618167,0.8135948596550556,0.7864056514251573,0.3461824775720558,0.11480090157776113,0.9018472566859663,0.8259661196400211,0.01,0.01,0.01,0.3312338746395508,0.01,1.0,0.01,0.4380979336708161,0.01,0.01,0.01,0.01,0.01,0.08539243337042177,0.2378834071921985,0.01,0.01,0.01,0.01,0.01,1.0,0.01,0.01,0.01,0.01,0.01,0.01,0.6176716354494919,0.01,0.01,0.01,0.01,0.01,0.01,0.01,0.30962674573892573,0.24868725580469353,0.2880925552681278,0.0792566549472627,0.0792566549472627,0.01,0.01,0.01,0.5144447673084864
2016Q2,0.12348907324932518,0.3076579282644706,0.3803984978093052,0.9533746009785833,0.7820098887901049,0.4594248192695015,0.4315459830387145,0.3116955014372438,0.5920675954206633,0.3109826096537214,0.8682905694575388,0.31740669240669245,0.6919514046742544,0.27545248609722683,0.13411396290100489,0.13411396290100489,0.01,0.01,0.5920675954206633,0.6188009267571556,0.6653247792389344,0.6615453158004304,0.45870097688238765,0.5284643114265298,0.698535555653283,0.6957080841294911,0.5257376190218079,0.11384919625218556,0.01,0.5400115532298072,0.44552232554243115,0.5209221268776874,0.4053283131799808,0.1193989283921715,0.10279356542903904,0.7087994886949994,0.019201416024799235,0.030074641379936304,0.10916117667337938,0.10546463749206517,0.10051717285572237,0.10440332797196328,0.12238026640276457,0.07889751179368365,0.35591672951526593,1.0,1.0,0.8266150273202153,1.0,1.0,0.9580281988463465,0.3649144830436841,0.2776372836671511,0.24827268881681966,0.3634253582314404,0.38329938044733797,0.38803780572857793,0.38719043962372823,0.376276950550172,0.6365746417685596,0.021240728253540134,0.01,0.6097813895414046,0.426371994312452,0.7105673977006948,0.5736280056875478,0.7730616864742501,0.3919421338326861,0.8676796398000027,0.8138112527108361,0.8610789874118134,0.598305269467604,0.8440311126141358,0.8233648472920253,0.3298434815804543,0.1301277235161532,0.8981940998070029,0.8789703546850185,0.01,0.01,0.3378823076064134,0.27561086659584155,0.33848983360904694,0.6959671023845986,0.3692480168983697,0.29156912458503764,0.37643750725152025,0.3609889136564267,0.01,0.3692480168983697,0.01,0.13471485588328963,0.4510161876566819,0.01,0.01,0.01,0.01,0.01,1.0,0.01,0.01,0.01,0.01,0.01,0.01,0.531859221754063,0.01,0.01,0.01,0.01,0.01,0.01,0.01,0.3151044613956857,0.2615036209342259,0.21796194315278294,0.09749427981472181,0.09749427981472181,0.31076709144338954,0.38287065705740525,0.38406772127603694,0.546163610503617
2016Q3,0.15767955415847779,0.20385015132084894,0.2622639787189651,0.9439230155127728,0.7305538658306429,0.12317454304384884,0.5757706707235205,0.30316980932310383,0.6152244925477368,0.20020400692344054,0.9010253694461622,0.21083941083941085,0.7109230935796641,0.22629091289266168,0.22846865277136935,0.22846865277136935,0.01,0.01,0.6152244925477368,0.6000529671586953,0.6489028625033997,0.644913632729264,0.485352298550736,0.5556026779946394,0.7531553718281367,0.7504682011582047,0.5753518709234466,0.33708377527653016,0.01,0.13646403207720276,0.4731138477004273,0.5733363641529805,0.7932702465855913,0.37360119301081207,0.31546752424184166,0.915860423116615,0.04991417998651109,0.01968743111771902,0.07279610227994132,0.07188465014638346,0.06801194229439717,0.07061285255375419,0.07155733485502676,0.5707148608226867,0.10313906199818851,0.5811772513106378,0.08082268943166836,0.16572444638507883,0.21240779691253056,0.2067196398593245,0.20164646243566295,0.1345318792735241,0.2814506377658413,0.18582974017974424,0.3018428336194514,0.25050089257586894,0.2614495402547638,0.26087860753823516,0.2573400036765671,0.6981571663805486,0.028811522691610775,0.01,0.7829626337657574,1.0,1.0,0.01,0.7226466704395397,0.39604686998470917,0.802417219351814,0.7638100343575623,0.8804786277493428,0.5920658274753419,0.9129523165370307,0.805215618739676,0.37175033403321245,0.12667167543200586,0.8926799007444168,0.9166887241926944,0.01,0.01,0.23569240672340297,0.2759902868417059,0.23635217813722662,0.7866167140669438,0.25541840691071027,0.11219115463112468,0.25566073577621407,0.24775615948982155,0.01,0.25541840691071027,0.01,0.39681287692364536,0.37689572108931096,0.01,0.01,0.01,0.01,0.01,1.0,0.01,0.01,0.01,0.01,0.01,0.01,0.5424459158021456,0.01,0.01,0.01,0.01,0.01,0.01,0.01,0.3774644061658254,0.33698330139611277,0.14468902255161797,0.21750097661699871,0.21750097661699871,0.2731018296975944,0.3345169238066378,0.25589025597510956,0.47553795096884705
2016Q4,0.49714008885267735,0.2526615863523971,0.3151731692050907,0.9762989258372061,0.7142389219035141,0.1441740063768665,0.5963322876965068,0.38395995830294033,0.6575233730029857,0.28904298006489837,0.9163818417937664,0.3024810524810525,0.7223126152209907,0.19263533561262192,0.290210123406827,0.290210123406827,0.01,0.01,0.6575233730029857,0.5840099971333774,0.618840467365727,0.6147742596759587,0.4297057698408093,0.5057358624242999,0.703566559655218,0.7013523893362332,0.5180045892279618,1.0,0.01,0.01,0.41632906090307453,0.5167547498626659,0.9999999999999998,0.9999999999999999,0.9999999999999999,0.8971086640397786,1.0,0.0481585146062851,0.14493450896967505,0.11954347192898682,0.11384923358325899,0.11390620387808509,0.11605564489740539,0.6347436345367252,0.11546941588692305,0.472349857322981,0.1891102398533644,1.0,0.771739127162669,0.7260014670324222,0.6474463593552531,0.09358237369832814,0.2770527116004902,0.34988905133323933,0.2905265739410714,0.35502257691903805,0.3422155952638625,0.3575982274268894,0.30933716746763307,0.7094734260589286,1.0,0.01,0.6317129776592669,0.01,0.01,1.0,0.7703735144312394,0.2349163145969468,0.9791102588252395,0.7524062477155876,0.8329174159634803,1.0,0.7476158268515386,0.8512213123396477,0.40551631990837944,0.20661157024793375,0.920733388475324,0.7920195870831127,0.01,0.01,0.27565557995590423,0.26620124449840643,0.2764345858607078,0.7571356787355065,0.30979591490947905,0.01,0.34824132149430226,0.29860793315717216,0.01,0.30979591490947905,0.01,0.9999999999999999,0.24854016880275084,0.01,0.01,0.01,0.01,0.01,1.0,0.01,0.01,0.01,0.01,0.01,0.01,0.5119215380802322,0.01,0.01,0.01,0.01,0.01,0.01,0.01,0.41734760859231756,0.40213523131672596,0.1212962816016252,0.288062949941403,0.288062949941403,0.24740194150472894,0.3067629349530297,0.33699012061337047,0.6187621392631564
2017Q1,0.9443744070524287,0.4257478918009481,0.49323883788858747,0.9433211483618801,0.7741175736590082,0.011718281402910629,0.8026207447660532,0.21023483879477756,0.6359003836937844,0.4257027398769561,0.9454339767836697,0.4442585442585443,0.6192428679487193,0.01,0.431418269716865,0.431418269716865,0.01,0.01,0.6359003836937844,0.586187397145379,0.6409592743297023,0.6367867423885818,0.5101369956301351,0.5807758929746257,0.8021900699239193,0.7996185347245598,0.5593076408838781,0.27485177460018867,0.01,0.18305073227088922,0.49488146100360225,0.5599818150821162,0.6870503597122302,0.28062064104399315,0.2512908814219531,0.8211605216249178,0.030623483862296626,0.9999999999999999,1.0,1.0,1.0,1.0,0.5454991659949401,0.6808275568610074,0.025414890968205227,0.5664768730506338,0.189254958293402,0.6338052112709909,0.9966281131853388,0.9757695442758783,0.9999999999999999,0.4296431808961648,1.0,0.09727860360527504,0.468696352871107,0.5013966187125906,0.4982644316715167,0.4971763614257375,0.49125502245332076,0.531303647128893,0.011809991914685555,0.01,0.50057491940547,0.4522148947930247,0.6932442706005926,0.5477851052069753,0.9240709300132051,0.433075721343183,0.8691892104421303,0.784156534028607,0.8854751694563563,0.5412239115034603,0.8425769360838687,0.8006677678979369,0.3402462301966024,0.3307287753568744,0.9758753791011855,0.9521572260455267,0.01,0.01,0.43071006474242063,0.3282743967218091,0.43050486218697764,0.6621209117260993,0.5527805781704916,0.1927829373963127,0.5294781407898299,0.518563351589141,0.01,0.5527805781704916,0.01,0.08950654760709661,0.6442368632354473,0.01,0.01,0.01,0.01,0.01,1.0,0.01,0.01,0.01,0.01,0.01,0.01,0.5538823779343555,0.01,0.01,0.01,0.01,0.01,0.01,0.01,0.4883541954322189,0.4838364482492596,0.01,0.42643562698811327,0.42643562698811327,0.4305211285018987,0.49673249976943046,0.4964906964058427,0.5348463761909861
2017Q2,0.7433236626681126,0.5463281605264587,0.5848242228249529,0.9999999999999998,0.7800290112769641,0.29044417084951224,0.7071916008442688,0.2450928284961899,0.6405929679971645,0.5449508286448467,0.9888075867685957,0.5706492206492207,0.6142423255900035,0.20955428237095175,0.47790742699213024,0.47790742699213024,0.01,0.01,0.6405929679971645,0.6038739314941565,0.6614488968187546,0.6574480583110017,0.4669753038775746,0.5399891075647545,0.7259334183561283,0.7232650665838145,0.500587204365187,0.17909736990533262,0.01,0.31801964049067244,0.43400519393482456,0.499782159837851,0.5197434733965355,0.1843408270985955,0.16248141797063176,0.8096561591143634,0.029444403240510873,0.1704655253638065,0.7476506367271092,0.7394221849962002,0.7127024238595407,0.715322871327614,0.13321584769231995,0.7070467668644508,0.2152597601769624,0.7283429557369435,0.16245110226824053,0.47134957657672094,0.5632860197496659,0.5468775826069399,0.5234988032788042,0.08164007098984467,0.2386013095523415,0.4455683614477502,0.5119644045825598,0.5903769820434737,0.5896643499034014,0.5883766877839637,0.5825980199059849,0.4880355954174407,0.0037470479014933833,0.01,0.37456528333298045,0.4477762447839533,0.6560677371991668,0.5522237552160467,0.9700528202225994,0.42405231359255613,0.876250355201853,0.8061356270864299,0.9398921012588185,0.5528036619257806,0.8357456881974974,0.7542825009665061,0.40535407520519184,0.36258452291510135,0.9720843672456575,0.9424960296453149,0.01,0.01,0.5095285429342745,0.32220367278798,0.50936441456818,0.618713766134325,0.6843783269371422,0.18005486795373904,0.6518838027768488,0.6402141981960704,0.01,0.6843783269371422,0.01,0.048132444025007735,0.4002179602694469,0.01,0.01,0.01,0.01,0.01,1.0,0.01,0.01,0.01,0.01,0.01,0.01,0.555217221966505,0.01,0.01,0.01,0.01,0.01,0.01,0.01,0.5589759840648271,0.5500335962969416,0.20269476758026383,0.4572018527819633,0.4572018527819633,0.5322637077759229,0.5685450401191057,0.5877649150453563,0.36926300334928963
2017Q3,0.590171154259038,0.2710643066132676,0.32523993323596906,0.9525047326057837,0.8205200193408513,0.07892792878113457,0.6512438790643791,0.1938402658960059,0.653998729205933,0.27534181822059045,1.0,0.30111897611897614,0.5617854430590937,0.016299071553822042,0.4011319812374004,0.4011319812374004,0.01,0.01,0.653998729205933,0.5776110478152613,0.6407096412246738,0.6363876244260193,0.3066870647302776,0.38821900502799994,0.5542196226746999,0.5525723014783939,0.35759842448551865,0.12041800032428455,0.01,0.5067790274898908,0.32749937170143256,0.3513098823663124,0.3503340803524729,0.1211040061172608,0.10763006271746048,0.5379198330049724,0.014289347401762303,0.13719829020672247,0.8958294794771648,0.7265477353892031,0.6893150098298699,0.6878540494330512,0.2692651677188166,0.8043521553312694,0.07158966660772731,0.3847236047514766,0.06653756013551416,0.17859113615241637,0.21075391367355648,0.20349580186306565,0.19799459180863752,0.26461278713872216,0.23646021649456864,0.046379511232161,0.34623200084083683,0.3291063740417935,0.33353374538050234,0.3328054009086837,0.32209354237243626,0.6537679991591636,0.04848632047885515,0.01,0.69185730711983,0.4095456290689383,0.8387411280634653,0.5904543709310617,0.9999999999999999,0.45350275319113154,0.8056180571813921,0.8191476400497089,0.9274754461197952,0.5167293335513051,0.909299966181941,0.7643903982005412,0.3997614048482535,0.3696468820435762,1.0,0.9999999999999999,0.01,0.01,0.29586651282040055,0.34307178631051755,0.2955255625869811,0.7577578073725662,0.3629591349751636,0.2774412232586927,0.35536885497641973,0.3416247176746727,0.01,0.3629591349751636,0.01,0.050636044378276096,0.637820887654843,0.01,0.01,0.01,0.01,0.01,1.0,0.01,0.01,0.01,0.01,0.01,0.01,0.4148355344687179,0.01,0.01,0.01,0.01,0.01,0.01,0.01,0.45682337762285247,0.4378468506582386,0.06300487216517747,0.3658742117305654,0.3658742117305654,0.2819000048773097,0.3314668177446344,0.3305048790835808,0.3259516417636533
